abonnement_id,adherent_id,panier_id,date_debut,nb,montant,mr_no,annee,qte,mois_depart,mois_nb,nb_initial,piece,abonnement_id_prec,reste_prec
30108,120,21,01-01-2026,50,1450,41,2026,1,1,12,50,AFA260162,0,0
30109,586,33,01-01-2026,50,950,41,2026,1,1,12,50,AFA260155,0,0
30110,202,23,01-01-2026,25,800,41,2026,1,1,12,25,AFA260158,0,0
30111,259716,23,01-01-2026,25,800,41,2026,1,1,12,25,AFA260158,0,0
30112,258809,33,01-01-2026,50,950,5,2026,1,1,12,50,AFA260155,0,0
30113,260465,21,01-01-2026,50,1450,41,2026,1,1,12,50,AFA260162,0,0
30114,121,21,01-01-2026,8,232,41,2026,1,1,12,50,AFA260162,0,0
30115,259191,21,01-01-2026,12,348,41,2026,1,1,12,50,AFA260162,0,0
30116,85,21,01-01-2026,50,1450,41,2026,1,1,12,50,AFA260162,0,0
30117,214,22,01-01-2026,50,1700,41,2026,1,1,12,50,AFA260155,0,0
30118,257785,35,01-01-2026,25,550,41,2026,1,1,12,25,AFA260153,0,0
30119,7711,37,01-01-2026,9,207,20,2026,1,1,12,0,AFA260152,0,0
30120,261058,23,01-01-2026,25,800,44,2026,1,1,12,25,AFA260158,0,0
30121,545,21,01-01-2026,50,1450,5,2026,1,1,12,50,AFA260162,0,0
30122,220,21,01-01-2026,50,1450,41,2026,1,1,12,50,AFA260162,0,0
30123,21,35,01-01-2026,25,550,41,2026,1,1,12,25,AFA260153,0,0
30124,258675,24,01-01-2026,25,900,20,2026,1,1,12,25,AFA260155,0,0
30125,259383,34,01-01-2026,50,1250,41,2026,1,1,12,50,AFA260151,0,0
30126,260375,33,01-01-2026,50,950,41,2026,1,1,12,50,AFA260155,0,0
30127,258509,21,01-01-2026,50,1450,41,2026,1,1,12,50,AFA260162,0,0
30128,260719,33,01-01-2026,50,950,41,2026,1,1,12,50,AFA260154,0,0
30129,260617,21,01-01-2026,2,58,41,2026,1,1,12,50,AFA260162,0,0
30131,258990,23,01-01-2026,25,800,41,2026,1,1,12,25,AFA260158,0,0
30132,258510,23,01-01-2026,2,64,41,2026,1,1,12,25,AFA260158,0,0
30133,258594,23,01-01-2026,25,800,41,2026,1,1,12,25,AFA260158,0,0
30134,257585,37,01-01-2026,24,552,41,2026,1,1,12,0,AFA260152,0,0
30135,260901,22,01-01-2026,50,1700,41,2026,1,1,12,50,AFA260155,0,0
30136,21678,21,01-01-2026,50,1450,41,2026,1,1,12,50,AFA260161,0,0
30137,244231,21,01-01-2026,50,1450,41,2026,1,1,12,50,AFA260161,0,0
30139,258449,27,01-01-2026,12,588,41,2026,1,1,12,50,AFA260163,0,0
30140,258528,23,01-01-2026,25,800,41,2026,1,1,12,25,AFA260158,0,0
30141,257736,35,01-01-2026,25,550,41,2026,1,1,12,25,AFA260153,0,0
30142,259412,21,01-01-2026,50,1450,41,2026,1,1,12,50,AFA260161,0,0
30143,258414,21,01-01-2026,50,1450,41,2026,1,1,12,50,AFA260161,0,0
30145,2945,21,01-01-2026,50,1450,20,2026,1,1,12,50,AFA260161,0,0
30146,258298,21,01-01-2026,50,1450,44,2026,1,1,12,50,AFA260161,0,0
30147,260605,33,01-01-2026,50,950,41,2026,1,1,12,50,AFA260154,0,0
30148,258466,23,01-01-2026,25,800,41,2026,1,1,12,25,AFA260157,0,0
30149,260290,21,01-01-2026,50,1450,41,2026,1,1,12,50,AFA260161,0,0
30150,259743,35,01-01-2026,25,550,41,2026,1,1,12,25,AFA260153,0,0
30151,259645,27,01-01-2026,50,2450,41,2026,1,1,12,50,AFA260163,0,0
30153,259605,21,01-01-2026,50,1450,41,2026,1,1,12,50,AFA260161,0,0
30154,260759,21,01-01-2026,50,1450,41,2026,1,1,12,50,AFA260161,0,0
30155,258399,21,01-01-2026,50,1450,41,2026,1,1,12,50,AFA260161,0,0
30156,258399,11,01-01-2026,50,157.5,41,2026,1,1,12,0,AFA260236,0,0
30157,112452,21,01-01-2026,50,1450,44,2026,1,1,12,50,AFA260160,0,0
30158,457,25,01-01-2026,20,660,43,2026,1,1,12,0,AFA260156,0,0
30159,260711,21,01-01-2026,50,1450,41,2026,1,1,12,50,AFA260160,0,0
30160,155215,23,01-01-2026,25,800,41,2026,1,1,12,25,AFA260157,0,0
30161,239121,27,01-01-2026,50,2450,5,2026,1,1,12,50,AFA260163,0,0
30162,239121,1,01-01-2026,50,710,5,2026,1,1,12,50,AFA260217,0,0
30163,239121,8,01-01-2026,50,725,5,2026,1,1,12,0,AFA260251,0,0
30164,260060,21,01-01-2026,50,1450,41,2026,1,1,12,50,AFA260160,0,0
30165,258846,23,01-01-2026,25,800,41,2026,1,1,12,25,AFA260157,0,0
30166,242178,33,01-01-2026,50,950,5,2026,1,1,12,50,AFA260154,0,0
30167,261067,21,01-01-2026,50,1450,41,2026,1,1,12,50,AFA260160,0,0
30168,260368,33,01-01-2026,50,950,41,2026,1,1,12,50,AFA260154,0,0
30171,257901,25,01-01-2026,14,462,41,2026,1,1,12,0,AFA260155,0,0
30172,491,33,01-01-2026,50,950,41,2026,1,1,12,50,AFA260154,0,0
30173,260680,21,01-01-2026,50,1450,41,2026,1,1,12,50,AFA260160,0,0
30174,259744,35,01-01-2026,1,22,41,2026,1,1,12,25,AFA260153,0,0
30175,257847,21,01-01-2026,50,1450,41,2026,1,1,12,50,AFA260160,0,0
30176,284,37,01-01-2026,6,138,44,2026,1,1,12,0,AFA260152,0,0
30177,251610,21,01-01-2026,50,1450,41,2026,1,1,12,50,AFA260160,0,0
30178,258757,21,01-01-2026,50,1450,41,2026,1,1,12,50,AFA260160,0,0
30179,257629,21,01-01-2026,50,1450,5,2026,1,1,12,50,AFA260160,0,0
30180,259852,33,01-01-2026,6,114,41,2026,1,1,12,50,AFA260154,0,0
30181,257879,27,01-01-2026,50,2450,41,2026,1,1,12,50,AFA260163,0,0
30183,259544,35,01-01-2026,25,550,41,2026,1,1,12,25,AFA260152,0,0
30184,259545,21,01-01-2026,50,1450,41,2026,1,1,12,50,AFA260160,0,0
30185,260775,21,01-01-2026,50,1450,41,2026,1,1,12,50,AFA260159,0,0
30186,260882,23,01-01-2026,25,800,41,2026,1,1,12,25,AFA260157,0,0
30187,260841,21,01-01-2026,50,1450,44,2026,1,1,12,50,AFA260159,0,0
30188,113,35,01-01-2026,25,550,41,2026,1,1,12,25,AFA260152,0,0
30189,42348,29,01-01-2026,25,1300,41,2026,1,1,12,25,AFA260163,0,0
30190,139,23,01-01-2026,25,800,41,2026,1,1,12,25,AFA260157,0,0
30191,66778,21,01-01-2026,50,1450,41,2026,1,1,12,50,AFA260159,0,0
30192,156,33,01-01-2026,50,950,41,2026,1,1,12,50,AFA260154,0,0
30193,260311,23,01-01-2026,25,800,40,2026,1,1,12,25,AFA260157,0,0
30194,117,21,01-01-2026,50,1450,41,2026,1,1,12,50,AFA260159,0,0
30195,260435,24,01-01-2026,25,900,41,2026,1,1,12,25,AFA260155,0,0
30196,260660,23,01-01-2026,25,800,41,2026,1,1,12,25,AFA260157,0,0
30197,260660,11,01-01-2026,50,157.5,41,2026,1,1,12,0,AFA260236,0,0
30198,260118,23,01-01-2026,25,800,41,2026,1,1,12,25,AFA260157,0,0
30199,260063,37,01-01-2026,12,276,5,2026,1,1,12,0,AFA260152,0,0
30200,258948,21,01-01-2026,50,1450,41,2026,1,1,12,50,AFA260159,0,0
30201,258357,21,01-01-2026,50,1450,41,2026,1,1,12,50,AFA260159,0,0
30203,120682,23,01-01-2026,25,800,41,2026,1,1,12,25,AFA260157,0,0
30204,260594,21,01-01-2026,50,1450,41,2026,1,1,12,50,AFA260159,0,0
30205,260835,23,01-01-2026,25,800,41,2026,1,1,12,25,AFA260156,0,0
30206,260990,35,01-01-2026,25,550,41,2026,1,1,12,25,AFA260152,0,0
30207,260980,33,01-01-2026,50,950,44,2026,1,1,12,50,AFA260154,0,0
30208,260201,23,01-01-2026,25,800,41,2026,1,1,12,25,AFA260156,0,0
30209,120,11,01-01-2026,50,157.5,41,2026,1,1,12,0,AFA260236,0,0
30210,165,3,01-01-2026,50,1220,41,2026,1,1,12,50,AFA260223,0,0
30211,165,11,01-01-2026,50,157.5,41,2026,1,1,12,0,AFA260236,0,0
30212,260813,3,01-01-2026,50,1220,41,2026,1,1,12,50,AFA260223,0,0
30213,260813,8,01-01-2026,50,725,41,2026,1,1,12,0,AFA260251,0,0
30214,260813,11,01-01-2026,100,315,41,2026,1,1,12,0,AFA260235,0,0
30215,259337,3,01-01-2026,3,73.2,41,2026,1,1,12,50,AFA260223,0,0
30217,259337,10,01-01-2026,3,70.5,41,2026,1,1,12,0,AFA260237,0,0
30218,258841,3,01-01-2026,50,1220,44,2026,1,1,12,50,AFA260223,0,0
30219,258065,4,01-01-2026,25,675,41,2026,1,1,12,25,AFA260219,0,0
30220,258065,8,01-01-2026,25,362.5,41,2026,1,1,12,0,AFA260251,0,0
30221,89,3,01-01-2026,50,1220,41,2026,1,1,12,50,AFA260223,0,0
30222,89,9,01-01-2026,50,875,41,2026,1,1,12,0,AFA260242,0,0
30223,258721,4,01-01-2026,25,675,41,2026,1,1,12,25,AFA260219,0,0
30224,258721,9,01-01-2026,19,332.5,41,2026,1,1,12,0,AFA260242,0,0
30225,258721,11,01-01-2026,50,157.5,41,2026,1,1,12,0,AFA260235,0,0
30226,173,3,01-01-2026,50,1220,41,2026,1,1,12,50,AFA260223,0,0
30227,173,9,01-01-2026,50,875,41,2026,1,1,12,0,AFA260242,0,0
30228,260053,3,01-01-2026,50,1220,5,2026,1,1,12,50,AFA260223,0,0
30229,260053,9,01-01-2026,50,875,5,2026,1,1,12,0,AFA260242,0,0
30230,258209,,01-01-2026,31,868,41,2026,1,1,12,0,AFA260170,0,0
30231,147,4,01-01-2026,25,675,41,2026,1,1,12,25,AFA260219,0,0
30232,152572,3,01-01-2026,50,1220,41,2026,1,1,12,50,AFA260222,0,0
30233,551,4,01-01-2026,25,675,41,2026,1,1,12,25,AFA260219,0,0
30234,259811,4,01-01-2026,25,675,41,2026,1,1,12,25,AFA260219,0,0
30235,259811,11,01-01-2026,75,236.25,41,2026,1,1,12,0,AFA260235,0,0
30236,259811,10,01-01-2026,25,587.5,41,2026,1,1,12,0,AFA260237,0,0
30237,258180,16,01-01-2026,25,880,5,2026,1,1,12,25,AFA260225,0,0
30238,97,3,01-01-2026,50,1220,41,2026,1,1,12,50,AFA260222,0,0
30239,260708,3,01-01-2026,50,1220,41,2026,1,1,12,50,AFA260222,0,0
30240,259216,3,01-01-2026,50,1220,5,2026,1,1,12,50,AFA260222,0,0
30241,362,3,01-01-2026,50,1220,41,2026,1,1,12,50,AFA260222,0,0
30242,362,11,01-01-2026,50,157.5,41,2026,1,1,12,0,AFA260235,0,0
30243,417,3,01-01-2026,50,1220,41,2026,1,1,12,50,AFA260222,0,0
30244,49909,3,01-01-2026,50,1220,41,2026,1,1,12,50,AFA260222,0,0
30245,49909,11,01-01-2026,50,157.5,41,2026,1,1,12,0,AFA260235,0,0
30246,260746,3,01-01-2026,50,1220,41,2026,1,1,12,50,AFA260222,0,0
30247,260746,9,01-01-2026,50,875,41,2026,1,1,12,0,AFA260242,0,0
30248,260746,11,01-01-2026,50,157.5,41,2026,1,1,12,0,AFA260235,0,0
30249,260246,4,01-01-2026,25,675,41,2026,1,1,12,25,AFA260219,0,0
30250,260246,11,01-01-2026,25,78.75,41,2026,1,1,12,0,AFA260235,0,0
30251,261045,4,01-01-2026,25,675,20,2026,1,1,12,25,AFA260219,0,0
30252,259156,3,01-01-2026,50,1220,41,2026,1,1,12,50,AFA260222,0,0
30253,259156,10,01-01-2026,50,1175,41,2026,1,1,12,0,AFA260237,0,0
30254,259382,3,01-01-2026,50,1220,41,2026,1,1,12,50,AFA260222,0,0
30255,259382,11,01-01-2026,50,157.5,41,2026,1,1,12,0,AFA260235,0,0
30256,260527,3,01-01-2026,50,1220,41,2026,1,1,12,50,AFA260221,0,0
30257,260527,11,01-01-2026,25,78.75,41,2026,1,1,12,0,AFA260235,0,0
30258,260931,4,01-01-2026,25,675,44,2026,1,1,12,25,AFA260218,0,0
30259,359,3,01-01-2026,50,1220,41,2026,1,1,12,50,AFA260221,0,0
30260,359,9,01-01-2026,50,875,41,2026,1,1,12,0,AFA260242,0,0
30261,258902,4,01-01-2026,25,675,41,2026,1,1,12,25,AFA260218,0,0
30262,180698,3,01-01-2026,50,1220,41,2026,1,1,12,50,AFA260221,0,0
30263,27174,3,01-01-2026,50,1220,41,2026,1,1,12,50,AFA260221,0,0
30264,27174,9,01-01-2026,50,875,41,2026,1,1,12,0,AFA260242,0,0
30265,584,3,01-01-2026,50,1220,5,2026,1,1,12,50,AFA260221,0,0
30266,258969,3,01-01-2026,50,1220,41,2026,1,1,12,50,AFA260221,0,0
30267,261056,4,01-01-2026,25,675,41,2026,1,1,12,25,AFA260218,0,0
30268,261056,8,01-01-2026,13,188.5,41,2026,1,1,12,0,AFA260250,0,0
30269,258683,3,01-01-2026,50,1220,41,2026,1,1,12,50,AFA260221,0,0
30270,56879,4,01-01-2026,25,675,41,2026,1,1,12,25,AFA260218,0,0
30271,259394,3,01-01-2026,50,1220,41,2026,1,1,12,50,AFA260221,0,0
30273,258486,3,01-01-2026,50,1220,41,2026,1,1,12,50,AFA260221,0,0
30274,1573,3,01-01-2026,50,1220,41,2026,1,1,12,50,AFA260221,0,0
30275,1573,11,01-01-2026,100,315,41,2026,1,1,12,0,AFA260235,0,0
30277,257603,3,01-01-2026,50,1220,41,2026,1,1,12,50,AFA260220,0,0
30278,257603,11,01-01-2026,100,315,41,2026,1,1,12,0,AFA260234,0,0
30279,261024,23,01-01-2026,25,800,41,2026,1,1,12,25,AFA260156,0,0
30280,260666,4,01-01-2026,25,675,41,2026,1,1,12,25,AFA260219,0,0
30281,145536,3,01-01-2026,50,1220,41,2026,1,1,12,50,AFA260220,0,0
30282,145536,11,01-01-2026,50,157.5,41,2026,1,1,12,0,AFA260234,0,0
30283,259435,3,01-01-2026,50,1220,41,2026,1,1,12,50,AFA260220,0,0
30284,259435,9,01-01-2026,10,175,41,2026,1,1,12,0,AFA260241,0,0
30285,260920,4,01-01-2026,25,675,41,2026,1,1,12,25,AFA260218,0,0
30286,260920,10,01-01-2026,50,1175,41,2026,1,1,12,0,AFA260237,0,0
30287,258079,3,01-01-2026,50,1220,41,2026,1,1,12,50,AFA260220,0,0
30288,258079,9,01-01-2026,50,875,41,2026,1,1,12,0,AFA260241,0,0
30289,19,3,01-01-2026,50,1220,41,2026,1,1,12,50,AFA260220,0,0
30290,201,1,01-01-2026,50,710,41,2026,1,1,12,50,AFA260217,0,0
30291,258234,1,01-01-2026,50,710,41,2026,1,1,12,50,AFA260217,0,0
30292,258234,9,01-01-2026,41,717.5,41,2026,1,1,12,0,AFA260241,0,0
30293,257680,1,01-01-2026,50,710,41,2026,1,1,12,50,AFA260217,0,0
30294,260464,1,01-01-2026,50,710,41,2026,1,1,12,50,AFA260217,0,0
30295,260464,11,01-01-2026,100,315,41,2026,1,1,12,0,AFA260234,0,0
30296,258777,2,01-01-2026,25,417.5,41,2026,1,1,12,25,AFA260180,0,0
30297,128,1,01-01-2026,50,710,41,2026,1,1,12,50,AFA260217,0,0
30298,260486,2,01-01-2026,5,83.5,41,2026,1,1,12,25,AFA260180,0,0
30299,260486,8,01-01-2026,5,72.5,41,2026,1,1,12,0,AFA260250,0,0
30300,260486,,01-08-2026,0,0,37,2026,1,8,5,0,AFA260170,0,0
30301,260422,1,01-01-2026,50,710,41,2026,1,1,12,50,AFA260217,0,0
30302,260422,8,01-01-2026,25,362.5,41,2026,1,1,12,0,AFA260250,0,0
30303,258561,,01-01-2026,12,259.2,41,2026,1,1,12,0,AFA260223,0,0
30304,20024,1,01-01-2026,50,710,41,2026,1,1,12,50,AFA260217,0,0
30305,212873,1,01-01-2026,50,710,41,2026,1,1,12,50,AFA260217,0,0
30306,212873,9,01-01-2026,41,717.5,41,2026,1,1,12,0,AFA260241,0,0
30307,423,13,01-01-2026,50,925,41,2026,1,1,12,50,AFA260225,0,0
30308,311,1,01-01-2026,50,710,41,2026,1,1,12,50,AFA260216,0,0
30309,81,1,01-01-2026,50,710,5,2026,1,1,12,50,AFA260216,0,0
30310,259607,1,01-01-2026,50,710,44,2026,1,1,12,50,AFA260216,0,0
30311,259607,11,01-01-2026,50,157.5,44,2026,1,1,12,0,AFA260234,0,0
30312,106,1,01-01-2026,50,710,41,2026,1,1,12,50,AFA260216,0,0
30313,257664,2,01-01-2026,25,417.5,5,2026,1,1,12,25,AFA260180,0,0
30314,257664,11,01-01-2026,25,78.75,5,2026,1,1,12,0,AFA260234,0,0
30315,258563,1,01-01-2026,50,710,20,2026,1,1,12,50,AFA260216,0,0
30316,166,,01-01-2026,30,531,41,2026,1,1,12,0,AFA260170,0,0
30317,166,9,01-01-2026,24,420,41,2026,1,1,12,0,AFA260241,0,0
30318,258557,2,01-01-2026,25,417.5,41,2026,1,1,12,25,AFA260180,0,0
30319,258557,11,01-01-2026,25,78.75,41,2026,1,1,12,0,AFA260234,0,0
30320,145714,2,01-01-2026,25,417.5,41,2026,1,1,12,25,AFA260179,0,0
30321,210,4,01-01-2026,25,675,41,2026,1,1,12,25,AFA260218,0,0
30322,210,2,01-01-2026,25,417.5,41,2026,1,1,12,25,AFA260179,0,0
30323,210,8,01-01-2026,25,362.5,41,2026,1,1,12,0,AFA260250,0,0
30324,258615,1,01-01-2026,50,710,5,2026,1,1,12,50,AFA260216,0,0
30325,402,1,01-01-2026,50,710,41,2026,1,1,12,50,AFA260216,0,0
30326,259976,2,01-01-2026,25,417.5,41,2026,1,1,12,25,AFA260179,0,0
30327,259261,1,01-01-2026,50,710,41,2026,1,1,12,50,AFA260216,0,0
30328,259261,8,01-01-2026,23,333.5,41,2026,1,1,12,0,AFA260250,0,0
30329,114305,1,01-01-2026,50,710,41,2026,1,1,12,50,AFA260216,0,0
30330,258315,1,01-01-2026,50,710,41,2026,1,1,12,50,AFA260216,0,0
30331,258474,1,01-01-2026,50,710,41,2026,1,1,12,50,AFA260215,0,0
30333,258474,8,01-01-2026,26,377,41,2026,1,1,12,0,AFA260250,0,0
30334,7303,1,01-01-2026,50,710,41,2026,1,1,12,50,AFA260215,0,0
30335,258607,14,01-01-2026,25,515,41,2026,1,1,12,25,AFA260224,0,0
30336,258474,11,01-01-2026,50,157.5,41,2026,1,1,12,0,AFA260234,0,0
30337,212,1,01-01-2026,50,710,41,2026,1,1,12,50,AFA260215,0,0
30338,212,11,01-01-2026,50,157.5,41,2026,1,1,12,0,AFA260234,0,0
30339,61,,01-01-2026,12,259.2,5,2026,1,1,12,0,AFA260223,0,0
30341,62,,01-01-2026,12,212.4,5,2026,1,1,12,0,AFA260170,0,0
30342,260559,1,01-01-2026,50,710,41,2026,1,1,12,50,AFA260215,0,0
30343,424,1,01-01-2026,50,710,41,2026,1,1,12,50,AFA260215,0,0
30344,215,1,01-01-2026,50,710,20,2026,1,1,12,50,AFA260215,0,0
30345,258183,1,01-01-2026,50,710,41,2026,1,1,12,50,AFA260215,0,0
30346,259698,1,01-01-2026,50,710,41,2026,1,1,12,50,AFA260215,0,0
30347,512,1,01-01-2026,50,710,41,2026,1,1,12,50,AFA260215,0,0
30348,259263,1,01-01-2026,50,710,41,2026,1,1,12,50,AFA260215,0,0
30349,28525,1,01-01-2026,50,710,5,2026,1,1,12,50,AFA260214,0,0
30350,18277,2,01-01-2026,25,417.5,56,2026,1,1,12,25,AFA260179,0,0
30351,260696,1,01-01-2026,50,710,41,2026,1,1,12,50,AFA260214,0,0
30352,168,2,01-01-2026,25,417.5,41,2026,1,1,12,25,AFA260179,0,0
30353,260423,2,01-01-2026,25,417.5,41,2026,1,1,12,25,AFA260179,0,0
30354,260695,2,01-01-2026,25,417.5,41,2026,1,1,12,25,AFA260179,0,0
30356,260695,8,01-01-2026,48,696,41,2026,1,1,12,0,AFA260250,0,0
30357,608,2,01-01-2026,25,417.5,41,2026,1,1,12,25,AFA260179,0,0
30358,257002,1,01-01-2026,50,710,41,2026,1,1,12,50,AFA260214,0,0
30359,257002,11,01-01-2026,150,472.5,41,2026,1,1,12,0,AFA260234,0,0
30360,258634,1,01-01-2026,50,710,41,2026,1,1,12,50,AFA260214,0,0
30361,258634,8,01-01-2026,50,725,41,2026,1,1,12,0,AFA260250,0,0
30362,21488,1,01-01-2026,50,710,41,2026,1,1,12,50,AFA260214,0,0
30363,218,1,01-01-2026,50,710,5,2026,1,1,12,50,AFA260214,0,0
30364,258821,2,01-01-2026,25,417.5,41,2026,1,1,12,25,AFA260179,0,0
30365,236077,1,01-01-2026,50,710,41,2026,1,1,12,50,AFA260214,0,0
30366,258294,2,01-01-2026,25,417.5,44,2026,1,1,12,25,AFA260179,0,0
30367,258794,1,01-01-2026,50,710,41,2026,1,1,12,50,AFA260214,0,0
30368,258794,9,01-01-2026,23,402.5,41,2026,1,1,12,0,AFA260241,0,0
30369,356,1,01-01-2026,50,710,41,2026,1,1,12,50,AFA260214,0,0
30370,356,10,01-01-2026,50,1175,41,2026,1,1,12,0,AFA260237,0,0
30371,356,11,01-01-2026,50,157.5,41,2026,1,1,12,0,AFA260234,0,0
30372,258515,1,01-01-2026,50,710,41,2026,1,1,12,50,AFA260214,0,0
30373,169,1,01-01-2026,50,710,20,2026,1,1,12,50,AFA260213,0,0
30374,169,8,01-01-2026,50,725,20,2026,1,1,12,0,AFA260250,0,0
30375,169,11,01-01-2026,100,315,20,2026,1,1,12,0,AFA260233,0,0
30376,257660,1,01-01-2026,50,710,41,2026,1,1,12,50,AFA260213,0,0
30377,257660,8,01-01-2026,25,362.5,41,2026,1,1,12,0,AFA260250,0,0
30378,257660,11,01-01-2026,50,157.5,41,2026,1,1,12,0,AFA260233,0,0
30379,492,2,01-01-2026,25,417.5,41,2026,1,1,12,25,AFA260178,0,0
30380,260630,1,01-01-2026,50,710,41,2026,1,1,12,50,AFA260213,0,0
30381,260630,8,01-01-2026,50,725,41,2026,1,1,12,0,AFA260249,0,0
30382,513,1,01-01-2026,50,710,41,2026,1,1,12,50,AFA260213,0,0
30383,183459,1,01-01-2026,50,710,41,2026,1,1,12,50,AFA260213,0,0
30384,260697,2,01-01-2026,25,417.5,41,2026,1,1,12,25,AFA260178,0,0
30385,224,1,01-01-2026,50,710,41,2026,1,1,12,50,AFA260213,0,0
30386,257958,1,01-01-2026,50,710,41,2026,1,1,12,50,AFA260213,0,0
30387,249,1,01-01-2026,50,710,41,2026,1,1,12,50,AFA260213,0,0
30388,258291,1,01-01-2026,50,710,41,2026,1,1,12,50,AFA260213,0,0
30389,258429,1,01-01-2026,50,710,55,2026,1,1,12,50,AFA260213,0,0
30390,178012,1,01-01-2026,50,710,41,2026,1,1,12,50,AFA260212,0,0
30391,178012,8,01-01-2026,25,362.5,41,2026,1,1,12,0,AFA260249,0,0
30392,237779,1,01-01-2026,50,710,41,2026,1,1,12,50,AFA260212,0,0
30393,237779,8,01-01-2026,50,725,41,2026,1,1,12,0,AFA260249,0,0
30394,260842,1,01-01-2026,50,710,41,2026,1,1,12,50,AFA260212,0,0
30395,258339,1,01-01-2026,50,710,41,2026,1,1,12,50,AFA260212,0,0
30396,258339,8,01-01-2026,25,362.5,41,2026,1,1,12,0,AFA260249,0,0
30397,257941,2,01-01-2026,25,417.5,41,2026,1,1,12,25,AFA260178,0,0
30398,54415,1,01-01-2026,50,710,43,2026,1,1,12,50,AFA260212,0,0
30399,548,1,01-01-2026,50,710,41,2026,1,1,12,50,AFA260212,0,0
30400,1544,1,01-01-2026,50,710,4,2026,1,1,12,50,AFA260212,0,0
30402,258820,2,01-01-2026,25,417.5,41,2026,1,1,12,25,AFA260178,0,0
30403,258820,9,01-01-2026,25,437.5,41,2026,1,1,12,0,AFA260241,0,0
30404,54874,1,01-01-2026,8,113.6,44,2026,1,1,12,50,AFA260212,0,0
30405,431,1,01-01-2026,50,710,41,2026,1,1,12,50,AFA260212,0,0
30406,431,8,01-01-2026,50,725,41,2026,1,1,12,0,AFA260249,0,0
30407,431,11,01-01-2026,100,315,41,2026,1,1,12,0,AFA260233,0,0
30408,550,2,01-01-2026,25,417.5,41,2026,1,1,12,25,AFA260178,0,0
30409,38254,1,01-01-2026,50,710,41,2026,1,1,12,50,AFA260212,0,0
30410,260236,2,01-01-2026,25,417.5,41,2026,1,1,12,25,AFA260178,0,0
30411,258090,1,01-01-2026,50,710,41,2026,1,1,12,50,AFA260211,0,0
30412,259879,2,01-01-2026,25,417.5,41,2026,1,1,12,25,AFA260178,0,0
30413,257839,1,01-01-2026,50,710,41,2026,1,1,12,50,AFA260211,0,0
30414,257839,11,01-01-2026,50,157.5,41,2026,1,1,12,0,AFA260233,0,0
30415,174,1,01-01-2026,50,710,43,2026,1,1,12,50,AFA260211,0,0
30416,24312,1,01-01-2026,50,710,41,2026,1,1,12,50,AFA260211,0,0
30417,24312,11,01-01-2026,50,157.5,41,2026,1,1,12,0,AFA260233,0,0
30418,258095,1,01-01-2026,50,710,41,2026,1,1,12,50,AFA260211,0,0
30419,258095,9,01-01-2026,30,525,41,2026,1,1,12,0,AFA260253,0,0
30420,123107,1,01-01-2026,50,710,41,2026,1,1,12,50,AFA260211,0,0
30421,123107,8,01-01-2026,50,725,41,2026,1,1,12,0,AFA260249,0,0
30422,1546,1,01-01-2026,50,710,20,2026,1,1,12,50,AFA260211,0,0
30423,567,1,01-01-2026,50,710,44,2026,1,1,12,50,AFA260211,0,0
30424,258872,,01-01-2026,37,654.9,34,2026,1,1,12,0,AFA260170,0,0
30425,259559,1,01-01-2026,50,710,41,2026,1,1,12,50,AFA260211,0,0
30426,259621,2,01-01-2026,25,417.5,41,2026,1,1,12,25,AFA260178,0,0
30427,260780,1,01-01-2026,50,710,41,2026,1,1,12,50,AFA260211,0,0
30428,259568,2,01-01-2026,25,417.5,41,2026,1,1,12,25,AFA260178,0,0
30429,258014,1,01-01-2026,50,710,41,2026,1,1,12,50,AFA260210,0,0
30430,27245,1,01-01-2026,50,710,55,2026,1,1,12,50,AFA260210,0,0
30431,78,1,01-01-2026,50,710,41,2026,1,1,12,50,AFA260210,0,0
30432,535,1,01-01-2026,50,710,41,2026,1,1,12,50,AFA260210,0,0
30433,535,8,01-01-2026,50,725,41,2026,1,1,12,0,AFA260249,0,0
30434,535,11,01-01-2026,50,157.5,41,2026,1,1,12,0,AFA260233,0,0
30435,593,1,01-01-2026,50,710,41,2026,1,1,12,50,AFA260210,0,0
30438,82621,1,01-01-2026,50,710,0,2026,1,1,12,50,,0,0
30439,261068,1,01-01-2026,50,710,5,2026,1,1,12,50,AFA260210,0,0
30440,260672,1,01-01-2026,50,710,41,2026,1,1,12,50,AFA260210,0,0
30441,260672,11,01-01-2026,100,315,41,2026,1,1,12,0,AFA260233,0,0
30442,258789,1,01-01-2026,50,710,41,2026,1,1,12,50,AFA260210,0,0
30443,258789,11,01-01-2026,50,157.5,41,2026,1,1,12,0,AFA260233,0,0
30444,260764,1,01-01-2026,50,710,41,2026,1,1,12,50,AFA260210,0,0
30445,258212,1,01-01-2026,50,710,41,2026,1,1,12,50,AFA260210,0,0
30446,259194,2,01-01-2026,25,417.5,41,2026,1,1,12,25,AFA260178,0,0
30447,257772,13,01-01-2026,50,925,20,2026,1,1,12,50,AFA260225,0,0
30448,257772,8,01-01-2026,50,725,20,2026,1,1,12,0,AFA260249,0,0
30449,436,1,01-01-2026,50,710,41,2026,1,1,12,50,AFA260209,0,0
30450,436,8,01-01-2026,50,725,41,2026,1,1,12,0,AFA260249,0,0
30451,258223,1,01-01-2026,50,710,44,2026,1,1,12,50,AFA260209,0,0
30452,594,2,01-01-2026,25,417.5,5,2026,1,1,12,25,AFA260177,0,0
30453,257915,13,01-01-2026,50,925,18,2026,1,1,12,50,AFA260224,0,0
30454,235,1,01-01-2026,50,710,41,2026,1,1,12,50,AFA260209,0,0
30455,235,11,01-01-2026,4,12.6,41,2026,1,1,12,0,AFV260002,0,0
30456,573,2,01-01-2026,25,417.5,41,2026,1,1,12,25,AFA260177,0,0
30457,260225,1,01-01-2026,50,710,41,2026,1,1,12,50,AFA260209,0,0
30458,260225,11,01-01-2026,50,157.5,41,2026,1,1,12,0,AFA260233,0,0
30459,260225,8,01-01-2026,25,362.5,41,2026,1,1,12,0,AFA260249,0,0
30460,259439,1,01-01-2026,50,710,41,2026,1,1,12,50,AFA260209,0,0
30461,259439,9,01-01-2026,25,437.5,41,2026,1,1,12,0,AFA260241,0,0
30462,595,13,01-01-2026,50,925,5,2026,1,1,12,50,AFA260224,0,0
30463,261069,2,01-01-2026,25,417.5,41,2026,1,1,12,25,AFA260177,0,0
30464,258942,1,01-01-2026,50,710,41,2026,1,1,12,50,AFA260209,0,0
30465,258942,9,01-01-2026,25,437.5,41,2026,1,1,12,0,AFA260241,0,0
30466,509,2,01-01-2026,25,417.5,41,2026,1,1,12,25,AFA260177,0,0
30467,50,1,01-01-2026,50,710,41,2026,1,1,12,50,AFA260209,0,0
30468,258773,2,01-01-2026,25,417.5,41,2026,1,1,12,25,AFA260180,0,0
30469,258773,9,01-01-2026,12,210,41,2026,1,1,12,0,AFA260241,0,0
30470,151938,1,01-01-2026,50,710,44,2026,1,1,12,50,AFA260209,0,0
30471,261070,1,01-01-2026,50,710,41,2026,1,1,12,50,AFA260209,0,0
30472,261070,11,01-01-2026,100,315,41,2026,1,1,12,0,AFA260232,0,0
30473,260645,1,01-01-2026,50,710,20,2026,1,1,12,50,AFA260209,0,0
30474,260658,1,01-01-2026,50,710,41,2026,1,1,12,50,AFA260208,0,0
30475,260658,8,01-01-2026,25,362.5,41,2026,1,1,12,0,AFA260248,0,0
30476,438,1,01-01-2026,50,710,41,2026,1,1,12,50,AFA260208,0,0
30477,438,11,01-01-2026,25,78.75,41,2026,1,1,12,0,AFA260232,0,0
30478,259557,1,01-01-2026,50,710,41,2026,1,1,12,50,AFA260208,0,0
30479,439,2,01-01-2026,25,417.5,5,2026,1,1,12,25,AFA260177,0,0
30480,1549,2,01-01-2026,25,417.5,41,2026,1,1,12,25,AFA260177,0,0
30481,549,2,01-01-2026,25,417.5,41,2026,1,1,12,25,AFA260177,0,0
30482,258561,11,01-01-2026,12,37.8,41,2026,1,1,12,0,AFA260232,0,0
30484,596,,01-01-2026,35,619.5,18,2026,1,1,12,0,AFA260170,0,0
30485,260635,1,01-01-2026,50,710,41,2026,1,1,12,50,AFA260208,0,0
30486,236,1,01-01-2026,50,710,41,2026,1,1,12,50,AFA260208,0,0
30487,236,11,01-01-2026,50,157.5,41,2026,1,1,12,0,AFA260232,0,0
30488,260979,1,01-01-2026,50,710,41,2026,1,1,12,50,AFA260208,0,0
30489,260979,8,01-01-2026,50,725,41,2026,1,1,12,0,AFA260248,0,0
30490,260979,11,01-01-2026,50,157.5,41,2026,1,1,12,0,AFA260232,0,0
30491,390,1,01-01-2026,50,710,44,2026,1,1,12,50,AFA260208,0,0
30492,442,1,01-01-2026,50,710,43,2026,1,1,12,50,AFA260208,0,0
30493,11511,1,01-01-2026,50,710,41,2026,1,1,12,50,AFA260208,0,0
30494,258661,1,01-01-2026,50,710,41,2026,1,1,12,50,AFA260208,0,0
30495,338,1,01-01-2026,50,710,5,2026,1,1,12,50,AFA260207,0,0
30496,257642,1,01-01-2026,50,710,41,2026,1,1,12,50,AFA260207,0,0
30497,259522,1,01-01-2026,50,710,41,2026,1,1,12,50,AFA260207,0,0
30498,259522,8,01-01-2026,12,174,41,2026,1,1,12,0,AFA260248,0,0
30499,258899,2,01-01-2026,25,417.5,41,2026,1,1,12,25,AFA260177,0,0
30500,258901,2,01-01-2026,25,417.5,41,2026,1,1,12,25,AFA260177,0,0
30501,260291,1,01-01-2026,50,710,41,2026,1,1,12,50,AFA260207,0,0
30502,31,,01-01-2026,6,106.2,43,2026,1,1,12,0,AFA260170,0,0
30503,260665,2,01-01-2026,25,417.5,41,2026,1,1,12,25,AFA260177,0,0
30504,178,1,01-01-2026,50,710,41,2026,1,1,12,50,AFA260207,0,0
30505,443,1,01-01-2026,50,710,41,2026,1,1,12,50,AFA260207,0,0
30506,443,11,01-01-2026,50,157.5,41,2026,1,1,12,0,AFA260232,0,0
30507,259553,2,01-01-2026,25,417.5,5,2026,1,1,12,25,AFA260176,0,0
30508,260693,1,01-01-2026,50,710,41,2026,1,1,12,50,AFA260207,0,0
30509,2336,1,01-01-2026,50,710,43,2026,1,1,12,50,AFA260207,0,0
30510,2336,11,01-01-2026,25,78.75,43,2026,1,1,12,0,AFA260232,0,0
30511,260611,1,01-01-2026,50,710,41,2026,1,1,12,50,AFA260207,0,0
30512,260611,8,01-01-2026,25,362.5,41,2026,1,1,12,0,AFA260248,0,0
30513,261009,1,01-01-2026,50,710,41,2026,1,1,12,50,AFA260207,0,0
30514,261009,9,01-01-2026,50,875,41,2026,1,1,12,0,AFA260240,0,0
30515,261009,11,01-01-2026,50,157.5,41,2026,1,1,12,0,AFA260232,0,0
30516,261071,2,01-01-2026,25,417.5,41,2026,1,1,12,25,AFA260176,0,0
30517,261071,11,01-01-2026,25,78.75,41,2026,1,1,12,0,AFA260232,0,0
30518,258155,1,01-01-2026,50,710,5,2026,1,1,12,50,AFA260206,0,0
30519,258155,9,01-01-2026,37,647.5,5,2026,1,1,12,0,AFA260240,0,0
30520,510,1,01-01-2026,50,710,41,2026,1,1,12,50,AFA260206,0,0
30521,257926,1,01-01-2026,50,710,41,2026,1,1,12,50,AFA260206,0,0
30522,240,1,01-01-2026,50,710,41,2026,1,1,12,50,AFA260206,0,0
30523,259318,1,01-01-2026,50,710,41,2026,1,1,12,50,AFA260206,0,0
30524,259318,8,01-01-2026,50,725,41,2026,1,1,12,0,AFA260248,0,0
30525,258328,1,01-01-2026,50,710,41,2026,1,1,12,50,AFA260206,0,0
30526,260704,1,01-01-2026,50,710,41,2026,1,1,12,50,AFA260206,0,0
30527,260704,11,01-01-2026,50,157.5,41,2026,1,1,12,0,AFA260232,0,0
30528,259488,1,01-01-2026,50,710,41,2026,1,1,12,50,AFA260206,0,0
30529,259420,1,01-01-2026,50,710,40,2026,1,1,12,50,AFA260206,0,0
30530,258735,2,01-01-2026,25,417.5,41,2026,1,1,12,25,AFA260254,0,0
30531,258024,1,01-01-2026,50,710,5,2026,1,1,12,50,AFA260206,0,0
30532,260836,2,01-01-2026,25,417.5,41,2026,1,1,12,25,AFA260176,0,0
30533,145109,2,01-01-2026,25,417.5,5,2026,1,1,12,25,AFA260176,0,0
30535,448,1,01-01-2026,50,710,41,2026,1,1,12,50,AFA260205,0,0
30536,258680,1,01-01-2026,50,710,41,2026,1,1,12,50,AFA260205,0,0
30537,25768,1,01-01-2026,50,710,41,2026,1,1,12,50,AFA260205,0,0
30538,259072,1,01-01-2026,50,710,20,2026,1,1,12,50,AFA260205,0,0
30539,260265,,01-01-2026,44,778.8,41,2026,1,1,12,0,AFA260170,0,0
30540,260265,8,01-01-2026,10,145,41,2026,1,1,12,0,AFA260248,0,0
30541,260720,1,01-01-2026,50,710,41,2026,1,1,12,50,AFA260205,0,0
30542,258476,2,01-01-2026,25,417.5,41,2026,1,1,12,25,AFA260176,0,0
30543,258476,8,01-01-2026,25,362.5,41,2026,1,1,12,0,AFA260248,0,0
30544,260158,2,01-01-2026,25,417.5,41,2026,1,1,12,25,AFA260176,0,0
30545,260158,11,01-01-2026,50,157.5,41,2026,1,1,12,0,AFA260231,0,0
30546,259232,1,01-01-2026,50,710,20,2026,1,1,12,50,AFA260205,0,0
30547,451,1,01-01-2026,50,710,41,2026,1,1,12,50,AFA260205,0,0
30548,451,11,01-01-2026,50,157.5,41,2026,1,1,12,0,AFA260231,0,0
30549,260507,1,01-01-2026,50,710,41,2026,1,1,12,50,AFA260205,0,0
30550,257986,1,01-01-2026,50,710,5,2026,1,1,12,50,AFA260205,0,0
30551,260096,1,01-01-2026,50,710,40,2026,1,1,12,50,AFA260204,0,0
30552,190584,2,01-01-2026,25,417.5,5,2026,1,1,12,25,AFA260176,0,0
30553,592,1,01-01-2026,50,710,41,2026,1,1,12,50,AFA260204,0,0
30554,592,11,01-01-2026,50,157.5,41,2026,1,1,12,0,AFA260231,0,0
30555,444,2,01-01-2026,25,417.5,41,2026,1,1,12,25,AFA260176,0,0
30556,258502,1,01-01-2026,50,710,41,2026,1,1,12,50,AFA260204,0,0
30557,258502,8,01-01-2026,45,652.5,41,2026,1,1,12,0,AFA260248,0,0
30558,256932,1,01-01-2026,50,710,41,2026,1,1,12,50,AFA260204,0,0
30559,102,1,01-01-2026,50,710,41,2026,1,1,12,50,AFA260204,0,0
30560,259291,1,01-01-2026,50,710,41,2026,1,1,12,50,AFA260204,0,0
30561,259291,9,01-01-2026,25,437.5,41,2026,1,1,12,0,AFA260240,0,0
30562,259444,14,01-01-2026,25,515,41,2026,1,1,12,25,AFA260224,0,0
30563,259444,9,01-01-2026,25,437.5,41,2026,1,1,12,0,AFA260240,0,0
30564,456,1,01-01-2026,50,710,41,2026,1,1,12,50,AFA260204,0,0
30565,258723,1,01-01-2026,50,710,41,2026,1,1,12,50,AFA260204,0,0
30566,258723,11,01-01-2026,50,157.5,41,2026,1,1,12,0,AFA260231,0,0
30567,259224,1,01-01-2026,50,710,41,2026,1,1,12,50,AFA260204,0,0
30568,258329,1,01-01-2026,50,710,41,2026,1,1,12,50,AFA260204,0,0
30569,258126,2,01-01-2026,25,417.5,41,2026,1,1,12,25,AFA260176,0,0
30570,257844,1,01-01-2026,50,710,41,2026,1,1,12,50,AFA260203,0,0
30571,257844,9,01-01-2026,1,17.5,41,2026,1,1,12,0,AFA260240,0,0
30572,111932,14,01-01-2026,25,515,41,2026,1,1,12,25,AFA260224,0,0
30573,111932,11,01-01-2026,50,157.5,41,2026,1,1,12,0,AFA260231,0,0
30574,461,1,01-01-2026,50,710,43,2026,1,1,12,50,AFA260203,0,0
30575,259963,1,01-01-2026,50,710,41,2026,1,1,12,50,AFA260203,0,0
30576,259963,9,01-01-2026,50,875,41,2026,1,1,12,0,AFA260240,0,0
30577,257863,2,01-01-2026,25,417.5,5,2026,1,1,12,25,AFA260176,0,0
30578,257990,2,01-01-2026,25,417.5,41,2026,1,1,12,25,AFA260175,0,0
30579,115,1,01-01-2026,50,710,41,2026,1,1,12,50,AFA260203,0,0
30580,260657,2,01-01-2026,25,417.5,41,2026,1,1,12,25,AFA260175,0,0
30581,258021,2,01-01-2026,25,417.5,55,2026,1,1,12,25,AFA260175,0,0
30582,583,1,01-01-2026,50,710,41,2026,1,1,12,50,AFA260203,0,0
30583,583,11,01-01-2026,25,78.75,41,2026,1,1,12,0,AFA260231,0,0
30584,260814,1,01-01-2026,50,710,41,2026,1,1,12,50,AFA260203,0,0
30585,258284,1,01-01-2026,50,710,41,2026,1,1,12,50,AFA260203,0,0
30586,258284,8,01-01-2026,25,362.5,41,2026,1,1,12,0,AFA260248,0,0
30587,251,1,01-01-2026,50,710,41,2026,1,1,12,50,AFA260203,0,0
30588,251,9,01-01-2026,50,875,41,2026,1,1,12,0,AFA260240,0,0
30589,258218,2,01-01-2026,25,417.5,55,2026,1,1,12,25,AFA260175,0,0
30590,243871,1,01-01-2026,50,710,41,2026,1,1,12,50,AFA260203,0,0
30591,258587,1,01-01-2026,50,710,41,2026,1,1,12,50,AFA260203,0,0
30592,577,1,01-01-2026,4,56.8,41,2026,1,1,12,50,AFA260202,0,0
30593,577,10,01-01-2026,1,23.5,41,2026,1,1,12,0,AFA260237,0,0
30594,603,1,01-01-2026,50,710,5,2026,1,1,12,50,AFA260202,0,0
30595,4475,1,01-01-2026,50,710,20,2026,1,1,12,50,AFA260202,0,0
30596,521,1,01-01-2026,50,710,41,2026,1,1,12,50,AFA260202,0,0
30597,258196,1,01-01-2026,50,710,55,2026,1,1,12,50,AFA260202,0,0
30598,259441,,01-01-2026,24,424.8,41,2026,1,1,12,0,AFA260169,0,0
30599,184,1,01-01-2026,50,710,41,2026,1,1,12,50,AFA260202,0,0
30600,257719,1,01-01-2026,50,710,41,2026,1,1,12,50,AFA260202,0,0
30601,249807,1,01-01-2026,50,710,41,2026,1,1,12,50,AFA260202,0,0
30602,249807,8,01-01-2026,25,362.5,41,2026,1,1,12,0,AFA260248,0,0
30603,259558,1,01-01-2026,50,710,41,2026,1,1,12,50,AFA260202,0,0
30604,211493,1,01-01-2026,50,710,41,2026,1,1,12,50,AFA260202,0,0
30605,518,1,01-01-2026,50,710,5,2026,1,1,12,50,AFA260201,0,0
30606,518,11,01-01-2026,50,157.5,5,2026,1,1,12,0,AFA260231,0,0
30607,260837,1,01-01-2026,50,710,41,2026,1,1,12,50,AFA260201,0,0
30608,260837,8,01-01-2026,50,725,41,2026,1,1,12,0,AFA260247,0,0
30609,260837,11,01-01-2026,25,78.75,41,2026,1,1,12,0,AFA260231,0,0
30610,260391,1,01-01-2026,50,710,41,2026,1,1,12,50,AFA260201,0,0
30611,260391,8,01-01-2026,50,725,41,2026,1,1,12,0,AFA260247,0,0
30612,501,1,01-01-2026,50,710,41,2026,1,1,12,50,AFA260201,0,0
30613,257595,1,01-01-2026,50,710,43,2026,1,1,12,50,AFA260201,0,0
30614,257595,11,01-01-2026,50,157.5,43,2026,1,1,12,0,AFA260231,0,0
30615,122,1,01-01-2026,50,710,41,2026,1,1,12,50,AFA260201,0,0
30616,260071,1,01-01-2026,50,710,41,2026,1,1,12,50,AFA260201,0,0
30617,261072,,01-01-2026,8,141.6,5,2026,1,1,12,0,AFA260169,0,0
30618,539,,01-01-2026,12,212.4,41,2026,1,1,12,0,AFA260169,0,0
30619,256,1,01-01-2026,50,710,5,2026,1,1,12,50,AFA260201,0,0
30620,257597,1,01-01-2026,50,710,43,2026,1,1,12,50,AFA260201,0,0
30621,260254,1,01-01-2026,50,710,41,2026,1,1,12,50,AFA260201,0,0
30622,257602,1,01-01-2026,50,710,44,2026,1,1,12,50,AFA260200,0,0
30623,60347,1,01-01-2026,50,710,41,2026,1,1,12,50,AFA260200,0,0
30624,259908,1,01-01-2026,50,710,41,2026,1,1,12,50,AFA260200,0,0
30625,258061,1,01-01-2026,50,710,41,2026,1,1,12,50,AFA260200,0,0
30626,258061,8,01-01-2026,50,725,41,2026,1,1,12,0,AFA260247,0,0
30627,258774,1,01-01-2026,50,710,41,2026,1,1,12,50,AFA260200,0,0
30628,258774,10,01-01-2026,47,1104.5,41,2026,1,1,12,0,AFA260236,0,0
30629,258774,11,01-01-2026,94,296.1,41,2026,1,1,12,0,AFA260231,0,0
30630,258759,1,01-01-2026,50,710,41,2026,1,1,12,50,AFA260200,0,0
30631,258188,1,01-01-2026,50,710,41,2026,1,1,12,50,AFA260200,0,0
30632,345,1,01-01-2026,50,710,5,2026,1,1,12,50,AFA260200,0,0
30633,372,1,01-01-2026,50,710,41,2026,1,1,12,50,AFA260200,0,0
30634,258443,1,01-01-2026,50,710,41,2026,1,1,12,50,AFA260200,0,0
30635,258443,8,01-01-2026,50,725,41,2026,1,1,12,0,AFA260247,0,0
30636,258443,11,01-01-2026,100,315,41,2026,1,1,12,0,AFA260230,0,0
30637,258770,1,01-01-2026,50,710,41,2026,1,1,12,50,AFA260199,0,0
30638,258770,9,01-01-2026,50,875,41,2026,1,1,12,0,AFA260240,0,0
30639,374,2,01-01-2026,25,417.5,41,2026,1,1,12,25,AFA260175,0,0
30640,259417,1,01-01-2026,50,710,41,2026,1,1,12,50,AFA260199,0,0
30641,259417,9,01-01-2026,50,875,41,2026,1,1,12,0,AFA260240,0,0
30642,258801,1,01-01-2026,50,710,41,2026,1,1,12,50,AFA260199,0,0
30643,258801,8,01-01-2026,25,362.5,41,2026,1,1,12,0,AFA260254,0,0
30644,260203,1,01-01-2026,50,710,41,2026,1,1,12,50,AFA260199,0,0
30645,257751,,01-01-2026,17,300.9,40,2026,1,1,12,0,AFA260169,0,0
30646,259282,1,01-01-2026,50,710,5,2026,1,1,12,50,AFA260199,0,0
30647,411,1,01-01-2026,50,710,41,2026,1,1,12,50,AFA260199,0,0
30648,268,1,01-01-2026,2,28.4,41,2026,1,1,12,50,AFA260199,0,0
30649,268,11,01-01-2026,2,6.3,41,2026,1,1,12,0,AFA260230,0,0
30650,268,8,01-01-2026,1,14.5,41,2026,1,1,12,0,AFA260247,0,0
30651,260017,1,01-01-2026,50,710,41,2026,1,1,12,50,AFA260199,0,0
30652,1539,1,01-01-2026,50,710,41,2026,1,1,12,50,AFA260199,0,0
30653,1539,11,01-01-2026,50,157.5,41,2026,1,1,12,0,AFA260230,0,0
30654,257698,1,01-01-2026,50,710,5,2026,1,1,12,50,AFA260199,0,0
30655,185,1,01-01-2026,50,710,5,2026,1,1,12,50,AFA260198,0,0
30656,185,11,01-01-2026,50,157.5,5,2026,1,1,12,0,AFA260230,0,0
30657,258216,2,01-01-2026,25,417.5,43,2026,1,1,12,25,AFA260175,0,0
30658,144,1,01-01-2026,50,710,41,2026,1,1,12,50,AFA260198,0,0
30659,144,8,01-01-2026,22,319,41,2026,1,1,12,0,AFA260247,0,0
30660,55948,1,01-01-2026,50,710,41,2026,1,1,12,50,AFA260198,0,0
30661,258604,1,01-01-2026,50,710,41,2026,1,1,12,50,AFA260198,0,0
30662,258604,8,01-01-2026,25,362.5,41,2026,1,1,12,0,AFA260247,0,0
30663,259970,1,01-01-2026,50,710,41,2026,1,1,12,50,AFA260198,0,0
30664,259970,11,01-01-2026,50,157.5,41,2026,1,1,12,0,AFA260230,0,0
30665,259970,8,01-01-2026,25,362.5,41,2026,1,1,12,0,AFA260247,0,0
30666,259245,1,01-01-2026,50,710,41,2026,1,1,12,50,AFA260198,0,0
30667,77,1,01-01-2026,50,710,41,2026,1,1,12,50,AFA260198,0,0
30668,77,11,01-01-2026,25,78.75,41,2026,1,1,12,0,AFA260230,0,0
30669,605,1,01-01-2026,50,710,41,2026,1,1,12,50,AFA260198,0,0
30670,119994,1,01-01-2026,50,710,56,2026,1,1,12,50,AFA260198,0,0
30671,119994,8,01-01-2026,50,725,56,2026,1,1,12,0,AFA260247,0,0
30672,375,2,01-01-2026,25,417.5,41,2026,1,1,12,25,AFA260175,0,0
30673,375,11,01-01-2026,25,78.75,41,2026,1,1,12,0,AFA260230,0,0
30674,259057,1,01-01-2026,50,710,41,2026,1,1,12,50,AFA260198,0,0
30675,259057,11,01-01-2026,50,157.5,41,2026,1,1,12,0,AFA260230,0,0
30676,259421,1,01-01-2026,50,710,56,2026,1,1,12,50,AFA260197,0,0
30677,260745,2,01-01-2026,25,417.5,41,2026,1,1,12,25,AFA260175,0,0
30678,258358,1,01-01-2026,50,710,41,2026,1,1,12,50,AFA260197,0,0
30679,258775,1,01-01-2026,50,710,41,2026,1,1,12,50,AFA260197,0,0
30680,258775,9,01-01-2026,50,875,41,2026,1,1,12,0,AFA260240,0,0
30681,258840,1,01-01-2026,50,710,5,2026,1,1,12,50,AFA260197,0,0
30682,259964,2,01-01-2026,25,417.5,5,2026,1,1,12,25,AFA260175,0,0
30683,259964,8,01-01-2026,25,362.5,5,2026,1,1,12,0,AFA260247,0,0
30684,258127,1,01-01-2026,50,710,41,2026,1,1,12,50,AFA260197,0,0
30685,258127,8,01-01-2026,25,362.5,41,2026,1,1,12,0,AFA260246,0,0
30686,633,,01-01-2026,10,216,5,2026,1,1,12,0,AFA260223,0,0
30687,260163,1,01-01-2026,50,710,41,2026,1,1,12,50,AFA260197,0,0
30688,258361,1,01-01-2026,50,710,41,2026,1,1,12,50,AFA260197,0,0
30689,531,14,01-01-2026,25,515,55,2026,1,1,12,25,AFA260224,0,0
30690,531,8,01-01-2026,25,362.5,55,2026,1,1,12,0,AFA260246,0,0
30691,258537,1,01-01-2026,50,710,41,2026,1,1,12,50,AFA260197,0,0
30692,258537,11,01-01-2026,25,78.75,41,2026,1,1,12,0,AFA260230,0,0
30693,412,1,01-01-2026,50,710,41,2026,1,1,12,50,AFA260197,0,0
30694,412,37,01-01-2026,1,23,41,2026,1,1,12,0,AFA260152,0,0
30695,261040,1,01-01-2026,50,710,41,2026,1,1,12,50,AFA260197,0,0
30696,261040,8,01-01-2026,25,362.5,41,2026,1,1,12,0,AFA260246,0,0
30697,261040,11,01-01-2026,25,78.75,41,2026,1,1,12,0,AFA260230,0,0
30698,1559,1,01-01-2026,50,710,40,2026,1,1,12,50,AFA260196,0,0
30699,1559,8,01-01-2026,25,362.5,40,2026,1,1,12,0,AFA260246,0,0
30700,336,1,01-01-2026,50,710,55,2026,1,1,12,50,AFA260196,0,0
30701,336,8,01-01-2026,2,29,55,2026,1,1,12,0,AFA260246,0,0
30702,336,11,01-01-2026,25,78.75,55,2026,1,1,12,0,AFA260229,0,0
30703,172945,1,01-01-2026,50,710,41,2026,1,1,12,50,AFA260196,0,0
30704,259492,1,01-01-2026,50,710,41,2026,1,1,12,50,AFA260196,0,0
30705,260737,2,01-01-2026,6,100.2,41,2026,1,1,12,25,AFA260175,0,0
30706,1564,1,01-01-2026,50,710,40,2026,1,1,12,50,AFA260196,0,0
30707,257796,1,01-01-2026,50,710,41,2026,1,1,12,50,AFA260196,0,0
30708,259333,1,01-01-2026,50,710,41,2026,1,1,12,50,AFA260196,0,0
30709,323,2,01-01-2026,25,417.5,5,2026,1,1,12,25,AFA260174,0,0
30710,173217,2,01-01-2026,25,417.5,41,2026,1,1,12,25,AFA260174,0,0
30711,209730,1,01-01-2026,50,710,41,2026,1,1,12,50,AFA260196,0,0
30712,259609,1,01-01-2026,50,710,41,2026,1,1,12,50,AFA260196,0,0
30713,259609,8,01-01-2026,25,362.5,41,2026,1,1,12,0,AFA260246,0,0
30714,259609,11,01-01-2026,50,157.5,41,2026,1,1,12,0,AFA260229,0,0
30715,258441,1,01-01-2026,50,710,41,2026,1,1,12,50,AFA260196,0,0
30716,257725,1,01-01-2026,50,710,41,2026,1,1,12,50,AFA260195,0,0
30717,257725,8,01-01-2026,50,725,41,2026,1,1,12,0,AFA260246,0,0
30718,257725,11,01-01-2026,100,315,41,2026,1,1,12,0,AFA260229,0,0
30719,1569,2,01-01-2026,25,417.5,1,2026,1,1,12,25,AFA260174,0,0
30720,260783,1,01-01-2026,50,710,41,2026,1,1,12,50,AFA260195,0,0
30721,260783,9,01-01-2026,50,875,41,2026,1,1,12,0,AFA260239,0,0
30722,68942,2,01-01-2026,25,417.5,5,2026,1,1,12,25,AFA260174,0,0
30723,260076,1,01-01-2026,50,710,40,2026,1,1,12,50,AFA260195,0,0
30724,260076,8,01-01-2026,25,362.5,40,2026,1,1,12,0,AFA260246,0,0
30725,11460,1,01-01-2026,50,710,41,2026,1,1,12,50,AFA260195,0,0
30726,258818,1,01-01-2026,50,710,41,2026,1,1,12,50,AFA260195,0,0
30727,258818,8,01-01-2026,41,594.5,41,2026,1,1,12,0,AFA260246,0,0
30728,287,1,01-01-2026,50,710,41,2026,1,1,12,50,AFA260195,0,0
30729,258799,1,01-01-2026,50,710,41,2026,1,1,12,50,AFA260195,0,0
30730,258799,9,01-01-2026,24,420,41,2026,1,1,12,0,AFA260239,0,0
30731,258986,1,01-01-2026,50,710,41,2026,1,1,12,50,AFA260195,0,0
30732,258986,8,01-01-2026,34,493,41,2026,1,1,12,0,AFA260246,0,0
30733,260515,1,01-01-2026,50,710,41,2026,1,1,12,50,AFA260195,0,0
30734,260515,11,01-01-2026,25,78.75,41,2026,1,1,12,0,AFA260229,0,0
30735,413,1,01-01-2026,50,710,41,2026,1,1,12,50,AFA260195,0,0
30736,413,10,01-01-2026,12,282,41,2026,1,1,12,0,AFA260236,0,0
30737,258993,1,01-01-2026,50,710,44,2026,1,1,12,50,AFA260194,0,0
30738,477,2,01-01-2026,25,417.5,44,2026,1,1,12,25,AFA260174,0,0
30739,547,1,01-01-2026,50,710,41,2026,1,1,12,50,AFA260194,0,0
30740,1570,1,01-01-2026,50,710,20,2026,1,1,12,50,AFA260194,0,0
30741,41,1,01-01-2026,50,710,40,2026,1,1,12,50,AFA260194,0,0
30742,257783,1,01-01-2026,50,710,41,2026,1,1,12,50,AFA260194,0,0
30743,1571,1,01-01-2026,50,710,41,2026,1,1,12,50,AFA260194,0,0
30744,1571,11,01-01-2026,100,315,41,2026,1,1,12,0,AFA260229,0,0
30745,258447,9,01-01-2026,25,437.5,41,2026,1,1,12,0,AFA260239,0,0
30746,258447,1,01-01-2026,50,710,41,2026,1,1,12,50,AFA260194,0,0
30747,98,1,01-01-2026,50,710,41,2026,1,1,12,50,AFA260194,0,0
30748,257652,1,01-01-2026,50,710,41,2026,1,1,12,50,AFA260194,0,0
30749,261049,2,01-01-2026,25,417.5,43,2026,1,1,12,25,AFA260174,0,0
30750,258867,2,01-01-2026,25,417.5,41,2026,1,1,12,25,AFA260174,0,0
30751,260646,1,01-01-2026,50,710,41,2026,1,1,12,50,AFA260194,0,0
30752,260646,8,01-01-2026,25,362.5,41,2026,1,1,12,0,AFA260245,0,0
30753,259543,1,01-01-2026,50,710,41,2026,1,1,12,50,AFA260193,0,0
30754,259543,8,01-01-2026,50,725,41,2026,1,1,12,0,AFA260245,0,0
30755,258174,1,01-01-2026,50,710,41,2026,1,1,12,50,AFA260193,0,0
30756,151,1,01-01-2026,50,710,41,2026,1,1,12,50,AFA260193,0,0
30757,400,,01-01-2026,5,88.5,5,2026,1,1,12,0,AFA260169,0,0
30758,400,11,01-01-2026,5,15.75,5,2026,1,1,12,0,AFA260229,0,0
30759,259402,1,01-01-2026,50,710,41,2026,1,1,12,50,AFA260193,0,0
30760,259402,9,01-01-2026,50,875,41,2026,1,1,12,0,AFA260239,0,0
30761,259402,11,01-01-2026,50,157.5,41,2026,1,1,12,0,AFA260229,0,0
30762,125845,1,01-01-2026,50,710,41,2026,1,1,12,50,AFA260193,0,0
30763,125845,9,01-01-2026,50,875,41,2026,1,1,12,0,AFA260239,0,0
30764,125845,11,01-01-2026,50,157.5,41,2026,1,1,12,0,AFA260229,0,0
30765,479,1,01-01-2026,50,710,41,2026,1,1,12,50,AFA260193,0,0
30766,258842,2,01-01-2026,25,417.5,41,2026,1,1,12,25,AFA260174,0,0
30767,258842,11,01-01-2026,25,78.75,41,2026,1,1,12,0,AFA260229,0,0
30768,258217,1,01-01-2026,50,710,41,2026,1,1,12,50,AFA260193,0,0
30769,258217,8,01-01-2026,25,362.5,41,2026,1,1,12,0,AFA260245,0,0
30770,4,1,01-01-2026,50,710,41,2026,1,1,12,50,AFA260193,0,0
30771,1336,1,01-01-2026,50,710,41,2026,1,1,12,50,AFA260193,0,0
30772,166154,1,01-01-2026,50,710,55,2026,1,1,12,50,AFA260193,0,0
30773,166154,11,01-01-2026,50,157.5,55,2026,1,1,12,0,AFA260229,0,0
30774,257594,1,01-01-2026,50,710,40,2026,1,1,12,50,,0,0
30775,257548,1,01-01-2026,3,42.6,41,2026,1,1,12,50,AFA260192,0,0
30776,257548,8,01-01-2026,3,43.5,41,2026,1,1,12,0,AFA260245,0,0
30777,68325,1,01-01-2026,50,710,41,2026,1,1,12,50,AFA260192,0,0
30778,260926,2,01-01-2026,25,417.5,41,2026,1,1,12,25,AFA260174,0,0
30779,260926,4,01-01-2026,25,675,41,2026,1,1,12,25,,0,0
30780,260926,9,01-01-2026,50,875,41,2026,1,1,12,0,AFA260239,0,0
30781,260926,11,01-01-2026,50,157.5,41,2026,1,1,12,0,AFA260228,0,0
30782,259176,1,01-01-2026,50,710,41,2026,1,1,12,50,AFA260192,0,0
30783,259176,9,01-01-2026,50,875,41,2026,1,1,12,0,AFA260239,0,0
30784,259176,11,01-01-2026,50,157.5,41,2026,1,1,12,0,AFA260228,0,0
30785,18,13,01-01-2026,50,925,56,2026,1,1,12,50,AFA260224,0,0
30786,257542,1,01-01-2026,50,710,41,2026,1,1,12,50,AFA260192,0,0
30787,259491,2,01-01-2026,25,417.5,41,2026,1,1,12,25,AFA260174,0,0
30788,14747,1,01-01-2026,50,710,41,2026,1,1,12,50,AFA260192,0,0
30789,14747,11,01-01-2026,25,78.75,41,2026,1,1,12,0,AFA260228,0,0
30790,257905,1,01-01-2026,50,710,41,2026,1,1,12,50,AFA260192,0,0
30791,257905,8,01-01-2026,25,362.5,41,2026,1,1,12,0,AFA260245,0,0
30792,259339,1,01-01-2026,50,710,41,2026,1,1,12,50,AFA260192,0,0
30794,42252,2,01-01-2026,25,417.5,41,2026,1,1,12,25,AFA260173,0,0
30795,258903,1,01-01-2026,50,710,41,2026,1,1,12,50,AFA260192,0,0
30796,258903,8,01-01-2026,25,362.5,41,2026,1,1,12,0,AFA260245,0,0
30797,260982,2,01-01-2026,25,417.5,41,2026,1,1,12,25,AFA260173,0,0
30798,260982,9,01-01-2026,4,70,41,2026,1,1,12,0,AFA260239,0,0
30799,134,1,01-01-2026,50,710,41,2026,1,1,12,50,AFA260192,0,0
30800,259858,2,01-01-2026,25,417.5,41,2026,1,1,12,25,AFA260173,0,0
30801,11411,1,01-01-2026,50,710,41,2026,1,1,12,50,AFA260192,0,0
30802,261036,2,01-01-2026,25,417.5,41,2026,1,1,12,25,AFA260173,0,0
30803,261036,11,01-01-2026,25,78.75,41,2026,1,1,12,0,AFA260228,0,0
30804,260018,14,01-01-2026,25,515,41,2026,1,1,12,25,AFA260224,0,0
30805,260018,8,01-01-2026,25,362.5,41,2026,1,1,12,0,AFA260245,0,0
30806,259555,2,01-01-2026,25,417.5,41,2026,1,1,12,25,AFA260173,0,0
30807,259555,11,01-01-2026,25,78.75,41,2026,1,1,12,0,AFA260228,0,0
30808,49,1,01-01-2026,50,710,41,2026,1,1,12,50,AFA260191,0,0
30809,5502,1,01-01-2026,50,710,41,2026,1,1,12,50,AFA260191,0,0
30810,260402,2,01-01-2026,25,417.5,20,2026,1,1,12,25,AFA260173,0,0
30811,260402,8,01-01-2026,50,725,20,2026,1,1,12,0,AFA260245,0,0
30812,260402,11,01-01-2026,25,78.75,20,2026,1,1,12,0,AFA260228,0,0
30813,298,1,01-01-2026,50,710,41,2026,1,1,12,50,AFA260191,0,0
30814,258122,1,01-01-2026,50,710,41,2026,1,1,12,50,AFA260191,0,0
30815,299,1,01-01-2026,50,710,41,2026,1,1,12,50,AFA260191,0,0
30816,299,11,01-01-2026,50,157.5,41,2026,1,1,12,0,AFA260228,0,0
30817,258876,2,01-01-2026,25,417.5,41,2026,1,1,12,25,AFA260173,0,0
30818,259436,2,01-01-2026,25,417.5,41,2026,1,1,12,25,AFA260173,0,0
30819,259436,9,01-01-2026,25,437.5,41,2026,1,1,12,0,AFA260239,0,0
30820,343,1,01-01-2026,50,710,41,2026,1,1,12,50,AFA260191,0,0
30821,94,2,01-01-2026,25,417.5,41,2026,1,1,12,25,AFA260173,0,0
30822,94,11,01-01-2026,50,157.5,41,2026,1,1,12,0,AFA260228,0,0
30823,259682,1,01-01-2026,50,710,41,2026,1,1,12,50,AFA260191,0,0
30824,259045,13,01-01-2026,50,925,41,2026,1,1,12,50,AFA260224,0,0
30825,1581,2,01-01-2026,25,417.5,41,2026,1,1,12,25,AFA260173,0,0
30826,1581,8,01-01-2026,12,174,41,2026,1,1,12,0,AFA260245,0,0
30827,258722,1,01-01-2026,50,710,40,2026,1,1,12,50,AFA260191,0,0
30828,257821,2,01-01-2026,25,417.5,56,2026,1,1,12,25,AFA260172,0,0
30829,351,1,01-01-2026,50,710,41,2026,1,1,12,50,AFA260191,0,0
30830,351,11,01-01-2026,50,157.5,41,2026,1,1,12,0,AFA260228,0,0
30831,261025,2,01-01-2026,25,417.5,41,2026,1,1,12,25,AFA260172,0,0
30832,302,1,01-01-2026,50,710,55,2026,1,1,12,50,AFA260191,0,0
30833,259024,1,01-01-2026,50,710,44,2026,1,1,12,50,AFA260190,0,0
30834,259024,9,01-01-2026,24,420,44,2026,1,1,12,0,AFA260239,0,0
30835,54513,1,01-01-2026,50,710,41,2026,1,1,12,50,AFA260190,0,0
30836,54513,8,01-01-2026,46,667,41,2026,1,1,12,0,AFA260245,0,0
30837,145082,,01-01-2026,6,106.2,41,2026,1,1,12,0,AFA260169,0,0
30838,259230,,01-01-2026,11,194.7,41,2026,1,1,12,0,AFA260169,0,0
30841,388,1,01-01-2026,50,710,41,2026,1,1,12,50,AFA260190,0,0
30843,260739,2,01-01-2026,25,417.5,41,2026,1,1,12,25,AFA260172,0,0
30844,260739,8,01-01-2026,25,362.5,41,2026,1,1,12,0,AFA260244,0,0
30845,259463,1,01-01-2026,50,710,41,2026,1,1,12,50,AFA260190,0,0
30846,259463,9,01-01-2026,25,437.5,41,2026,1,1,12,0,AFA260238,0,0
30847,8,1,01-01-2026,50,710,41,2026,1,1,12,50,AFA260190,0,0
30848,310,1,01-01-2026,50,710,41,2026,1,1,12,50,AFA260190,0,0
30849,214771,1,01-01-2026,50,710,41,2026,1,1,12,50,AFA260190,0,0
30850,1583,2,01-01-2026,25,417.5,20,2026,1,1,12,25,AFA260172,0,0
30851,259392,1,01-01-2026,50,710,41,2026,1,1,12,50,AFA260190,0,0
30852,259392,8,01-01-2026,25,362.5,41,2026,1,1,12,0,AFA260244,0,0
30853,259392,11,01-01-2026,50,157.5,41,2026,1,1,12,0,AFA260228,0,0
30854,157,1,01-01-2026,50,710,41,2026,1,1,12,50,AFA260190,0,0
30855,259340,1,01-01-2026,50,710,41,2026,1,1,12,50,AFA260190,0,0
30856,210622,1,01-01-2026,50,710,5,2026,1,1,12,50,AFA260189,0,0
30857,210622,8,01-01-2026,5,72.5,5,2026,1,1,12,0,AFA260244,0,0
30858,258567,1,01-01-2026,50,710,41,2026,1,1,12,50,AFA260189,0,0
30859,235990,1,01-01-2026,50,710,41,2026,1,1,12,50,AFA260189,0,0
30860,235990,9,01-01-2026,25,437.5,41,2026,1,1,12,0,AFA260238,0,0
30861,54,1,01-01-2026,50,710,41,2026,1,1,12,50,AFA260189,0,0
30862,54,11,01-01-2026,50,157.5,41,2026,1,1,12,0,AFA260227,0,0
30863,9,1,01-01-2026,50,710,43,2026,1,1,12,50,AFA260189,0,0
30864,55,1,01-01-2026,50,710,44,2026,1,1,12,50,AFA260189,0,0
30865,258659,1,01-01-2026,50,710,41,2026,1,1,12,50,AFA260189,0,0
30866,235976,1,01-01-2026,50,710,41,2026,1,1,12,50,AFA260189,0,0
30867,1588,1,01-01-2026,50,710,41,2026,1,1,12,50,AFA260189,0,0
30868,257824,1,01-01-2026,50,710,41,2026,1,1,12,50,AFA260189,0,0
30869,257824,11,01-01-2026,50,157.5,41,2026,1,1,12,0,AFA260227,0,0
30870,200,1,01-01-2026,50,710,41,2026,1,1,12,50,AFA260188,0,0
30871,200,8,01-01-2026,50,725,41,2026,1,1,12,0,AFA260244,0,0
30872,200,11,01-01-2026,150,472.5,41,2026,1,1,12,0,AFA260227,0,0
30873,259453,1,01-01-2026,50,710,41,2026,1,1,12,50,AFA260188,0,0
30874,257695,1,01-01-2026,50,710,41,2026,1,1,12,50,AFA260188,0,0
30875,258091,1,01-01-2026,50,710,41,2026,1,1,12,50,AFA260188,0,0
30876,1589,,01-01-2026,12,212.4,41,2026,1,1,12,0,AFA260169,0,0
30877,1589,8,01-01-2026,12,174,41,2026,1,1,12,0,AFA260244,0,0
30878,1679,1,01-01-2026,50,710,5,2026,1,1,12,50,AFA260188,0,0
30879,257882,1,01-01-2026,50,710,5,2026,1,1,12,50,AFA260188,0,0
30880,257882,9,01-01-2026,20,350,5,2026,1,1,12,0,AFA260238,0,0
30881,28504,1,01-01-2026,50,710,55,2026,1,1,12,50,AFA260188,0,0
30882,28504,9,01-01-2026,12,210,55,2026,1,1,12,0,AFA260238,0,0
30883,240089,1,01-01-2026,50,710,41,2026,1,1,12,50,AFA260188,0,0
30884,260551,1,01-01-2026,50,710,41,2026,1,1,12,50,AFA260188,0,0
30885,308,1,01-01-2026,50,710,41,2026,1,1,12,50,AFA260188,0,0
30886,22614,1,01-01-2026,50,710,41,2026,1,1,12,50,AFA260187,0,0
30887,259857,1,01-01-2026,50,710,41,2026,1,1,12,50,AFA260187,0,0
30889,259857,11,01-01-2026,50,157.5,41,2026,1,1,12,0,AFA260227,0,0
30890,259857,8,01-01-2026,24,348,41,2026,1,1,12,0,AFA260244,0,0
30891,259581,2,01-01-2026,25,417.5,41,2026,1,1,12,25,AFA260172,0,0
30892,258622,1,01-01-2026,50,710,20,2026,1,1,12,50,AFA260187,0,0
30893,258622,9,01-01-2026,50,875,20,2026,1,1,12,0,AFA260238,0,0
30894,90,1,01-01-2026,50,710,5,2026,1,1,12,50,AFA260187,0,0
30895,234846,1,01-01-2026,50,710,41,2026,1,1,12,50,AFA260187,0,0
30896,465,1,01-01-2026,50,710,5,2026,1,1,12,50,AFA260187,0,0
30897,257662,1,01-01-2026,50,710,41,2026,1,1,12,50,AFA260187,0,0
30898,257662,11,01-01-2026,50,157.5,41,2026,1,1,12,0,AFA260227,0,0
30899,1560,1,01-01-2026,50,710,5,2026,1,1,12,50,AFA260187,0,0
30900,259211,1,01-01-2026,50,710,41,2026,1,1,12,50,AFA260187,0,0
30901,261073,2,01-01-2026,25,417.5,41,2026,1,1,12,25,AFA260172,0,0
30902,258166,1,01-01-2026,50,710,41,2026,1,1,12,50,AFA260187,0,0
30903,260167,33,01-01-2026,50,950,41,2026,1,1,12,50,AFA260154,0,0
30904,258163,1,01-01-2026,50,710,41,2026,1,1,12,50,AFA260186,0,0
30905,258618,1,01-01-2026,50,710,41,2026,1,1,12,50,AFA260186,0,0
30906,258768,3,01-01-2026,50,1220,41,2026,1,1,12,50,AFA260220,0,0
30907,258768,11,01-01-2026,150,472.5,41,2026,1,1,12,0,AFA260227,0,0
30908,258545,1,01-01-2026,50,710,20,2026,1,1,12,50,AFA260186,0,0
30909,260142,1,01-01-2026,50,710,41,2026,1,1,12,50,AFA260186,0,0
30910,260142,11,01-01-2026,12,37.8,41,2026,1,1,12,0,AFA260227,0,0
30911,258416,1,01-01-2026,50,710,20,2026,1,1,12,50,AFA260186,0,0
30912,257920,2,01-01-2026,25,417.5,41,2026,1,1,12,25,AFA260172,0,0
30913,257867,21,01-01-2026,50,1450,41,2026,1,1,12,50,AFA260159,0,0
30914,259871,2,01-01-2026,25,417.5,20,2026,1,1,12,25,AFA260172,0,0
30915,259871,11,01-01-2026,25,78.75,20,2026,1,1,12,0,AFA260227,0,0
30916,1551,21,01-01-2026,50,1450,41,2026,1,1,12,50,AFA260159,0,0
30917,260376,3,01-01-2026,50,1220,41,2026,1,1,12,50,AFA260220,0,0
30918,260376,11,01-01-2026,50,157.5,41,2026,1,1,12,0,AFA260227,0,0
30920,260703,2,01-01-2026,25,417.5,41,2026,1,1,12,25,AFA260172,0,0
30921,260703,11,01-01-2026,50,157.5,41,2026,1,1,12,0,AFA260227,0,0
30922,70117,1,01-01-2026,50,710,41,2026,1,1,12,50,AFA260186,0,0
30923,458,1,01-01-2026,50,710,41,2026,1,1,12,50,AFA260186,0,0
30924,458,8,01-01-2026,50,725,41,2026,1,1,12,0,AFA260244,0,0
30925,458,11,01-01-2026,50,157.5,41,2026,1,1,12,0,AFA260226,0,0
30926,258579,1,01-01-2026,50,710,41,2026,1,1,12,50,AFA260186,0,0
30928,258282,1,01-01-2026,50,710,41,2026,1,1,12,50,AFA260186,0,0
30929,258282,8,01-01-2026,50,725,41,2026,1,1,12,0,AFA260244,0,0
30930,260393,3,01-01-2026,50,1220,41,2026,1,1,12,50,AFA260220,0,0
30931,260393,8,01-01-2026,25,362.5,41,2026,1,1,12,0,AFA260244,0,0
30932,260512,1,01-01-2026,50,710,41,2026,1,1,12,50,AFA260185,0,0
30933,257693,1,01-01-2026,50,710,41,2026,1,1,12,50,AFA260185,0,0
30934,259377,1,01-01-2026,50,710,41,2026,1,1,12,50,AFA260185,0,0
30935,249180,1,01-01-2026,50,710,41,2026,1,1,12,50,AFA260185,0,0
30936,261053,3,01-01-2026,50,1220,41,2026,1,1,12,50,AFA260220,0,0
30937,261053,9,01-01-2026,50,875,41,2026,1,1,12,0,AFA260238,0,0
30938,1579,13,01-01-2026,50,925,41,2026,1,1,12,50,AFA260224,0,0
30940,1579,11,01-01-2026,25,78.75,41,2026,1,1,12,0,AFA260226,0,0
30941,258968,1,01-01-2026,50,710,41,2026,1,1,12,50,AFA260185,0,0
30942,259786,1,01-01-2026,50,710,41,2026,1,1,12,50,AFA260185,0,0
30943,259786,9,01-01-2026,50,875,41,2026,1,1,12,0,AFA260238,0,0
30944,259786,11,01-01-2026,50,157.5,41,2026,1,1,12,0,AFA260226,0,0
30945,257692,1,01-01-2026,50,710,41,2026,1,1,12,50,AFA260185,0,0
30946,259406,1,01-01-2026,50,710,41,2026,1,1,12,50,AFA260185,0,0
30947,259380,23,01-01-2026,25,800,41,2026,1,1,12,25,AFA260156,0,0
30948,260588,21,01-01-2026,50,1450,5,2026,1,1,12,50,AFA260159,0,0
30949,260089,1,01-01-2026,50,710,41,2026,1,1,12,50,AFA260185,0,0
30950,257701,1,01-01-2026,50,710,41,2026,1,1,12,50,AFA260185,0,0
30951,257701,8,01-01-2026,50,725,41,2026,1,1,12,0,AFA260244,0,0
30952,260458,1,01-01-2026,50,710,41,2026,1,1,12,50,AFA260184,0,0
30953,473,21,01-01-2026,50,1450,41,2026,1,1,12,50,AFA260158,0,0
30954,259986,1,01-01-2026,50,710,41,2026,1,1,12,50,AFA260184,0,0
30955,259986,11,01-01-2026,100,315,41,2026,1,1,12,0,AFA260226,0,0
30956,241129,1,01-01-2026,50,710,41,2026,1,1,12,50,AFA260184,0,0
30957,259427,1,01-01-2026,15,213,41,2026,1,1,12,50,AFA260184,0,0
30958,46873,,01-01-2026,11,194.7,5,2026,1,1,12,0,AFA260169,0,0
30959,45,1,01-01-2026,50,710,41,2026,1,1,12,50,AFA260184,0,0
30960,44513,1,01-01-2026,50,710,41,2026,1,1,12,50,AFA260184,0,0
30961,44513,11,01-01-2026,50,157.5,41,2026,1,1,12,0,AFA260226,0,0
30962,260196,8,01-01-2026,25,362.5,41,2026,1,1,12,0,AFA260243,0,0
30963,425,8,01-01-2026,18,261,5,2026,1,1,12,0,AFA260243,0,0
30964,258036,8,01-01-2026,50,725,41,2026,1,1,12,0,AFA260243,0,0
30965,260492,10,01-01-2026,50,1175,41,2026,1,1,12,0,AFA260236,0,0
30966,137401,8,01-01-2026,25,362.5,41,2026,1,1,12,0,AFA260243,0,0
30967,260162,8,01-01-2026,25,362.5,41,2026,1,1,12,0,AFA260243,0,0
30968,622,8,01-01-2026,25,362.5,41,2026,1,1,12,0,AFA260243,0,0
30969,260444,3,01-01-2026,50,1220,41,2026,1,1,12,50,AFA260220,0,0
30970,506,9,01-01-2026,25,437.5,41,2026,1,1,12,0,AFA260238,0,0
30971,506,11,01-01-2026,50,157.5,41,2026,1,1,12,0,AFA260226,0,0
30973,257961,,01-01-2026,17,300.9,41,2026,1,1,12,0,AFA260168,0,0
30974,257961,,01-01-2026,11,194.7,41,2026,1,1,12,0,AFA260168,0,0
30975,257961,,01-01-2026,22,616,41,2026,1,1,12,0,AFA260170,0,0
30976,257961,10,01-01-2026,25,587.5,41,2026,1,1,12,0,AFA260236,0,0
30977,257961,11,01-01-2026,50,157.5,41,2026,1,1,12,0,AFA260226,0,0
30978,260749,8,01-01-2026,50,725,41,2026,1,1,12,0,AFA260243,0,0
30979,260570,1,01-01-2026,50,710,41,2026,1,1,12,50,AFA260184,0,0
30980,260879,2,01-01-2026,25,417.5,41,2026,1,1,12,25,AFA260172,0,0
30981,260015,3,01-01-2026,50,1220,41,2026,1,1,12,50,AFA260219,0,0
30982,260015,10,01-01-2026,50,1175,41,2026,1,1,12,0,AFA260236,0,0
30983,275,1,01-01-2026,50,710,41,2026,1,1,12,50,AFA260184,0,0
30984,275,11,01-01-2026,50,157.5,41,2026,1,1,12,0,AFA260226,0,0
30985,260647,1,01-01-2026,50,710,41,2026,1,1,12,50,AFA260184,0,0
30987,259996,9,01-01-2026,50,875,41,2026,1,1,12,0,AFA260238,0,0
30990,258151,1,01-01-2026,50,710,41,2026,1,1,12,50,AFA260183,0,0
30991,258151,11,01-01-2026,50,157.5,41,2026,1,1,12,0,AFA260226,0,0
30992,258060,4,01-01-2026,25,675,41,2026,1,1,12,25,AFA260218,0,0
30993,258060,8,01-01-2026,25,362.5,41,2026,1,1,12,0,AFA260243,0,0
30994,257886,1,01-01-2026,50,710,5,2026,1,1,12,50,AFA260183,0,0
30996,257886,11,01-01-2026,100,315,41,2026,1,1,12,0,AFA260226,0,0
30999,260077,11,01-01-2026,12,37.8,56,2026,1,1,12,0,AFA260225,0,0
31000,259398,23,01-01-2026,25,800,5,2026,1,1,12,25,AFA260156,0,0
31001,260077,1,01-01-2026,12,170.4,56,2026,1,1,12,50,,0,0
31002,47476,33,01-01-2026,4,76,41,2026,1,1,12,50,AFA260154,0,0
31003,261074,33,01-01-2026,50,950,40,2026,1,1,12,50,AFA260153,0,0
31004,258222,24,01-01-2026,25,900,41,2026,1,1,12,25,AFA260155,0,0
31005,261075,35,01-01-2026,25,550,41,2026,1,1,12,25,AFA260152,0,0
31006,261063,27,01-01-2026,50,2450,55,2026,1,1,12,50,AFA260163,0,0
31007,260961,37,01-01-2026,12,276,55,2026,1,1,12,0,AFA260151,0,0
31008,260115,38,01-01-2026,12,336,56,2026,1,1,12,0,AFA260151,0,0
31009,363,,01-01-2026,30,840,41,2026,1,1,12,0,AFA260170,0,0
31010,363,9,01-01-2026,30,525,41,2026,1,1,12,0,AFA260238,0,0
31011,107,,01-01-2026,37,654.9,41,2026,1,1,12,0,AFA260168,0,0
31012,1613,1,01-01-2026,50,710,5,2026,1,1,12,50,AFA260183,0,0
31013,1613,11,01-01-2026,100,315,5,2026,1,1,12,0,AFA260225,0,0
31014,258534,1,01-01-2026,50,710,20,2026,1,1,12,50,AFA260183,0,0
31015,259495,1,01-01-2026,50,710,41,2026,1,1,12,50,AFA260183,0,0
31016,258237,1,01-01-2026,50,710,41,2026,1,1,12,50,AFA260183,0,0
31017,205302,1,01-01-2026,50,710,5,2026,1,1,12,50,AFA260183,0,0
31018,260224,37,01-01-2026,2,46,41,2026,1,1,12,0,AFA260151,0,0
31019,260616,1,01-01-2026,50,710,41,2026,1,1,12,50,AFA260183,0,0
31020,261035,25,01-01-2026,15,495,41,2026,1,1,12,0,AFA260155,0,0
31021,260518,23,01-01-2026,25,800,41,2026,1,1,12,25,AFA260156,0,0
31022,260426,1,01-01-2026,50,710,41,2026,1,1,12,50,AFA260183,0,0
31023,321,2,01-01-2026,25,417.5,5,2026,1,1,12,25,AFA260171,0,0
31024,260451,2,01-01-2026,25,417.5,41,2026,1,1,12,25,AFA260171,0,0
31027,261066,7,01-01-2026,23,57.5,61,2026,1,1,12,0,AFA260168,0,0
31028,260839,7,01-01-2026,23,57.5,5,2026,1,1,12,0,AFA260168,0,0
31029,261065,7,01-01-2026,24,60,5,2026,1,1,12,0,AFA260168,0,0
31031,257860,1,01-01-2026,50,710,0,2026,1,1,12,50,,0,0
31032,20,1,01-01-2026,50,710,0,2026,1,1,12,50,,0,0
31033,154,1,01-01-2026,50,710,0,2026,1,1,12,50,,0,0
31034,258724,1,01-01-2026,50,710,0,2026,1,1,12,50,,0,0
31035,589,4,01-01-2026,25,675,5,2026,1,1,12,25,AFV260002,0,0
31036,260171,1,01-01-2026,50,710,0,2026,1,1,12,50,,0,0
31037,498,,01-01-2026,12,336,0,2026,1,1,12,0,,0,0
31038,498,,01-01-2026,12,212.4,0,2026,1,1,12,0,,0,0
31039,90954,,01-01-2026,12,212.4,0,2026,1,1,12,0,,0,0
31040,258663,,01-01-2026,12,212.4,0,2026,1,1,12,0,,0,0
31041,82665,,01-01-2026,12,212.4,0,2026,1,1,12,0,,0,0
31042,259039,3,01-01-2026,50,1220,0,2026,1,1,12,50,,0,0
31044,257535,1,01-01-2026,50,710,0,2026,1,1,12,50,,0,0
31045,257538,1,01-01-2026,50,710,0,2026,1,1,12,50,,0,0
31046,257539,1,01-01-2026,50,710,0,2026,1,1,12,50,,0,0
31047,260592,,01-01-2026,12,212.4,0,2026,1,1,12,0,,0,0
31048,185999,,01-01-2026,12,212.4,0,2026,1,1,12,0,,0,0
31049,158804,1,01-01-2026,50,710,0,2026,1,1,12,50,,0,0
31050,158805,1,01-01-2026,50,710,0,2026,1,1,12,50,,0,0
31051,158810,3,01-01-2026,50,1220,0,2026,1,1,12,50,,0,0
31052,158811,3,01-01-2026,50,1220,0,2026,1,1,12,50,,0,0
31053,259018,13,01-01-2026,50,925,0,2026,1,1,12,50,,0,0
31054,259016,1,01-01-2026,50,710,0,2026,1,1,12,50,,0,0
31055,259017,1,01-01-2026,50,710,0,2026,1,1,12,50,,0,0
31056,260993,7,01-01-2026,3,7.5,44,2026,1,1,12,0,AFA260168,0,0
31057,260996,7,01-01-2026,4,10,0,2026,1,1,12,0,,0,0
31058,260991,7,01-01-2026,3,7.5,5,2026,1,1,12,0,AFA260168,0,0
31059,261046,7,01-01-2026,14,35,44,2026,1,1,12,0,AFA260167,0,0
31060,260761,7,01-01-2026,15,37.5,0,2026,1,1,12,0,,0,0
31061,260884,7,01-01-2026,16,40,0,2026,1,1,12,0,,0,0
31062,261054,7,01-01-2026,7,17.5,0,2026,1,1,12,0,,0,0
31063,260850,7,01-01-2026,5,12.5,44,2026,1,1,12,0,AFA260167,0,0
31064,260439,7,01-01-2026,20,50,44,2026,1,1,12,0,AFA260167,0,0
31065,260838,7,01-01-2026,5,12.5,5,2026,1,1,12,0,AFA260167,0,0
31066,260705,7,01-01-2026,19,47.5,44,2026,1,1,12,0,AFA260167,0,0
31067,33,1,01-01-2026,50,710,5,2026,1,1,12,50,AFA260182,0,0
31068,261076,1,01-01-2026,50,710,41,2026,1,1,12,50,AFA260182,0,0
31069,261076,11,01-01-2026,25,78.75,41,2026,1,1,12,0,AFA260225,0,0
31070,259137,1,01-01-2026,50,710,41,2026,1,1,12,50,AFA260182,0,0
31071,259137,8,01-01-2026,50,725,41,2026,1,1,12,0,AFA260243,0,0
31072,259301,1,01-01-2026,50,710,41,2026,1,1,12,50,AFA260182,0,0
31073,258531,1,01-01-2026,50,710,41,2026,1,1,12,50,AFA260182,0,0
31074,261077,1,01-01-2026,50,710,44,2026,1,1,12,50,AFA260182,0,0
31075,93805,1,01-01-2026,50,710,5,2026,1,1,12,50,AFA260182,0,0
31076,260482,1,01-01-2026,50,710,5,2026,1,1,12,50,AFA260182,0,0
31077,260200,1,01-01-2026,1,14.2,5,2026,1,1,12,50,AFA260182,0,0
31078,259466,1,01-01-2026,50,710,5,2026,1,1,12,50,AFA260182,0,0
31079,259934,1,01-01-2026,50,710,5,2026,1,1,12,50,AFA260181,0,0
31080,24,1,01-01-2026,50,710,5,2026,1,1,12,50,AFA260181,0,0
31081,260877,1,01-01-2026,50,710,5,2026,1,1,12,50,AFA260181,0,0
31082,260447,1,01-01-2026,50,710,5,2026,1,1,12,50,AFA260181,0,0
31083,55208,1,01-01-2026,50,710,5,2026,1,1,12,50,AFA260181,0,0
31084,259440,1,01-01-2026,50,710,5,2026,1,1,12,50,AFA260181,0,0
31085,396,1,01-01-2026,50,710,5,2026,1,1,12,50,AFA260181,0,0
31086,150089,1,01-01-2026,50,710,5,2026,1,1,12,50,AFA260181,0,0
31087,261060,7,01-01-2026,2,5,5,2026,1,1,12,0,AFA260167,0,0
31089,260972,7,01-01-2026,4,10,5,2026,1,1,12,0,AFA260167,0,0
31090,260917,7,01-01-2026,12,30,5,2026,1,1,12,0,AFA260167,0,0
31091,260438,7,01-01-2026,50,125,5,2026,1,1,12,0,AFA260167,0,0
31092,260806,7,01-01-2026,4,10,5,2026,1,1,12,0,AFA260167,0,0
31093,260378,7,01-01-2026,50,125,5,2026,1,1,12,0,AFA260166,0,0
31094,261051,7,01-01-2026,50,125,5,2026,1,1,12,0,AFA260166,0,0
31095,260390,7,01-01-2026,50,125,5,2026,1,1,12,0,AFA260166,0,0
31096,260932,7,01-01-2026,50,125,5,2026,1,1,12,0,AFA260166,0,0
31097,261052,7,01-01-2026,11,27.5,5,2026,1,1,12,0,AFA260166,0,0
31098,260846,7,01-01-2026,50,125,5,2026,1,1,12,0,AFA260166,0,0
31099,261050,7,01-01-2026,12,30,5,2026,1,1,12,0,AFA260166,0,0
31100,260968,7,01-01-2026,8,20,5,2026,1,1,12,0,AFA260166,0,0
31101,261017,7,01-01-2026,8,20,5,2026,1,1,12,0,AFA260166,0,0
31102,260969,7,01-01-2026,50,125,5,2026,1,1,12,0,AFA260166,0,0
31103,259541,8,01-01-2026,25,362.5,41,2026,1,1,12,0,AFA260243,0,0
31104,259541,2,01-01-2026,25,417.5,41,2026,1,1,12,25,AFA260171,0,0
31105,260475,7,01-01-2026,10,25,0,2026,1,1,12,0,,0,0
31106,260475,7,01-01-2026,10,25,0,2026,1,1,12,0,,0,0
31107,260475,7,01-01-2026,10,25,0,2026,1,1,12,0,,0,0
31108,260475,7,01-01-2026,10,25,0,2026,1,1,12,0,,0,0
31109,260475,7,01-01-2026,10,25,0,2026,1,1,12,0,,0,0
31110,260475,7,01-01-2026,10,25,0,2026,1,1,12,0,,0,0
31111,260475,7,01-01-2026,10,25,0,2026,1,1,12,0,,0,0
31112,260475,7,01-01-2026,10,25,0,2026,1,1,12,0,,0,0
31113,260475,7,01-01-2026,10,25,0,2026,1,1,12,0,,0,0
31114,260475,7,01-01-2026,10,25,0,2026,1,1,12,0,,0,0
31121,260870,12,01-01-2026,11,275,0,2026,1,1,12,0,,0,0
31122,260870,12,01-01-2026,11,275,0,2026,1,1,12,0,,0,0
31123,261057,36,01-01-2026,2,54,43,2026,1,1,12,25,AFA260151,0,0
31124,258846,11,01-01-2026,25,78.75,41,2026,1,1,12,0,AFA260236,0,0
31125,266,33,01-01-2026,50,950,41,2026,1,1,12,50,AFA260153,0,0
31126,260989,23,01-01-2026,6,192,41,2026,1,1,12,25,AFA260157,0,0
31127,314,2,01-01-2026,25,417.5,43,2026,1,1,12,25,AFA260180,0,0
31129,260821,12,01-01-2026,50,1250,0,2026,1,1,12,0,,0,0
31130,258428,35,01-01-2026,25,550,41,2026,1,1,12,25,AFA260152,0,0
31131,260081,7,01-01-2026,25,62.5,5,2026,1,1,12,0,AFA260168,0,0
31132,260081,7,01-01-2026,25,62.5,5,2026,1,1,12,0,AFV260002,0,0
31133,260081,7,01-01-2026,25,62.5,5,2026,1,1,12,0,AFV260002,0,0
31134,260081,7,01-01-2026,25,62.5,5,2026,1,1,12,0,AFV260002,0,0
31135,260081,7,01-01-2026,25,62.5,5,2026,1,1,12,0,AFV260002,0,0
31136,260081,7,01-01-2026,25,62.5,5,2026,1,1,12,0,AFV260002,0,0
31137,260081,7,01-01-2026,25,62.5,5,2026,1,1,12,0,AFV260002,0,0
31138,260081,7,01-01-2026,25,62.5,5,2026,1,1,12,0,AFV260002,0,0
31139,260081,7,01-01-2026,25,62.5,5,2026,1,1,12,0,AFA260165,0,0
31140,260081,7,01-01-2026,25,62.5,5,2026,1,1,12,0,AFV260002,0,0
31141,260081,9,01-01-2026,200,3500,5,2026,1,1,12,0,AFV260003,0,0
31142,478,1,01-01-2026,50,710,20,2026,1,1,12,50,AFA260181,0,0
31143,260826,1,01-01-2026,50,710,41,2026,1,1,12,50,AFA260205,0,0
31144,259813,1,01-01-2026,50,710,41,2026,1,1,12,50,AFA260180,0,0
31145,261078,1,01-01-2026,50,710,44,2026,1,1,12,50,AFA260180,0,0
31147,260369,12,01-01-2026,200,5000,0,2026,1,1,12,0,,0,0
31148,260829,12,01-01-2026,300,7500,0,2026,1,1,12,0,,0,0
31149,260820,12,01-01-2026,100,2500,0,2026,1,1,12,0,,0,0
31150,259996,3,01-01-2026,50,1220,41,2026,1,1,12,50,AFA260219,0,0
31151,260080,1,01-01-2026,50,710,56,2026,1,1,12,50,AFA260184,0,0
31152,259170,1,01-01-2026,50,710,56,2026,1,1,12,50,AFA260186,0,0
31153,258281,23,01-01-2026,25,800,41,2026,1,1,12,25,AFA260156,0,0
31154,261079,29,01-01-2026,25,1300,41,2026,1,1,12,25,AFA260162,0,0
31155,65196,33,01-01-2026,50,950,41,2026,1,1,12,50,AFA260153,0,0
31157,261055,7,01-01-2026,17,42.5,44,2026,1,1,12,0,AFA260164,0,0
31158,1539,11,01-01-2026,1,3.15,41,2026,1,1,12,0,AFA260225,0,0
31161,260975,7,01-01-2026,8,20,5,2026,1,1,12,0,AFA260164,0,0
31162,260898,7,01-01-2026,50,125,5,2026,1,1,12,0,AFA260164,0,0
31165,260971,7,01-01-2026,50,125,5,2026,1,1,12,0,AFA260164,0,0
31166,260852,7,01-01-2026,50,125,5,2026,1,1,12,0,AFA260164,0,0
31167,260560,7,01-01-2026,50,125,5,2026,1,1,12,0,AFA260164,0,0
31168,259686,7,01-01-2026,50,125,5,2026,1,1,12,0,AFA260164,0,0
31170,260252,2,01-01-2026,25,417.5,41,2026,1,1,12,25,AFA260171,0,0
31171,261023,27,01-01-2026,50,2450,44,2026,1,1,12,50,AFA260163,0,0
31172,261081,2,01-01-2026,25,417.5,41,2026,1,1,12,25,AFA260171,0,0
31173,261081,11,01-01-2026,50,157.5,41,2026,1,1,12,0,AFA260225,0,0
31174,258151,8,01-01-2026,50,725,41,2026,1,1,12,0,AFA260242,0,0
31175,260379,1,01-01-2026,50,710,41,2026,1,1,12,50,AFA260180,0,0
31176,257939,2,01-01-2026,25,417.5,41,2026,1,1,12,25,AFA260171,0,0
31178,258866,4,01-01-2026,25,675,41,2026,1,1,12,25,AFA260218,0,0
31179,258866,11,01-01-2026,25,78.75,41,2026,1,1,12,0,AFA260225,0,0
31180,261082,2,01-01-2026,23,384.1,41,2026,1,1,12,25,AFA260171,0,0
31181,259706,7,01-01-2026,25,62.5,5,2026,1,1,12,0,AFV260003,0,0
31182,259706,7,01-01-2026,25,62.5,5,2026,1,1,12,0,AFA260164,0,0
31183,259706,7,01-01-2026,25,62.5,5,2026,1,1,12,0,AFV260003,0,0
31184,259706,7,01-01-2026,25,62.5,5,2026,1,1,12,0,AFV260003,0,0
31185,259706,7,01-01-2026,25,62.5,5,2026,1,1,12,0,AFV260003,0,0
31186,261082,8,01-01-2026,11,159.5,41,2026,1,1,12,0,AFA260242,0,0
31187,259706,7,01-01-2026,25,62.5,5,2026,1,1,12,0,AFV260003,0,0
31189,176298,33,01-01-2026,50,950,41,2026,1,1,12,50,AFA260153,0,0
31192,260165,21,01-01-2026,50,1450,41,2026,1,1,12,50,AFA260158,0,0
31193,93,33,01-01-2026,50,950,41,2026,1,1,12,50,AFA260153,0,0
31196,261084,1,01-01-2026,10,142,5,2026,1,1,12,50,AFA260181,0,0
31197,261083,7,01-01-2026,49,122.5,5,2026,1,1,12,0,AFA260165,0,0
31198,260411,1,01-01-2026,30,426,0,2026,1,1,12,50,,0,0
31199,58,2,01-01-2026,25,417.5,41,2026,1,1,12,25,AFA260171,0,0
31200,258685,2,01-01-2026,25,417.5,41,2026,1,1,12,25,AFA260171,0,0
31201,258685,9,01-01-2026,25,437.5,41,2026,1,1,12,0,AFA260237,0,0
31202,417,9,01-01-2026,50,875,41,2026,1,1,12,0,AFA260237,0,0
31203,259966,2,01-01-2026,25,417.5,41,2026,1,1,12,25,AFA260171,0,0
31205,258534,,01-01-2026,1,17.7,44,2026,1,1,12,0,AFA260168,0,0
31206,260411,1,01-01-2026,30,426,0,2026,1,1,12,50,,0,0
31207,62200,1,01-01-2026,50,710,41,2026,1,1,12,50,AFA260180,0,0
31208,257844,8,01-01-2026,24,348,41,2026,1,1,12,0,AFA260242,0,0
31209,259805,23,01-01-2026,25,800,41,2026,1,1,12,25,AFA260156,0,0
31210,117,11,01-01-2026,49,154.35,41,2026,1,1,12,0,AFA260225,0,0
31211,260456,21,01-01-2026,50,1450,41,2026,1,1,12,50,AFA260158,0,0
31212,261089,23,01-01-2026,25,800,41,2026,1,1,12,25,AFA260156,0,0
31213,261090,37,01-01-2026,11,253,41,2026,1,1,12,0,AFA260151,0,0
31214,260879,11,01-01-2026,48,151.2,41,2026,1,1,12,0,AFA260251,0,0
31215,31072,1,01-01-2026,50,710,41,2026,1,1,12,50,AFA260251,0,0
31216,258346,1,01-01-2026,50,710,41,2026,1,1,12,50,AFA260251,0,0
31217,258346,11,01-01-2026,48,151.2,41,2026,1,1,12,0,AFA260251,0,0
31219,261092,24,01-01-2026,24,864,41,2026,1,1,12,25,AFA260253,0,0
31220,259230,11,01-01-2026,22,69.3,41,2026,1,1,12,0,AFA260255,0,0
31221,260591,23,01-01-2026,25,800,41,2026,1,1,12,25,AFA260256,0,0
31222,258676,37,01-01-2026,17,391,41,2026,1,1,12,0,AFA260256,0,0
31223,260879,11,01-01-2026,2,6.3,41,2026,1,1,12,0,,0,0
31225,258379,37,01-01-2026,12,276,41,2026,1,1,12,0,AFA260253,0,0
31226,260816,29,01-01-2026,24,1248,44,2026,1,1,12,25,AFA260253,0,0
31227,260376,9,01-02-2026,1,17.5,41,2026,1,2,11,0,AFA260254,0,0
31228,258531,11,01-02-2026,48,151.2,41,2026,1,2,11,0,AFA260254,0,0
31229,260654,7,01-02-2026,50,125,5,2026,1,2,11,0,AFA260254,0,0
31230,260793,7,01-02-2026,50,125,5,2026,1,2,11,0,AFA260254,0,0
31231,261059,7,01-02-2026,50,125,5,2026,1,2,11,0,AFA260254,0,0
31232,260933,7,01-02-2026,12,30,5,2026,1,2,11,0,AFA260254,0,0
31233,260937,7,01-02-2026,50,125,5,2026,1,2,11,0,AFA260254,0,0
31237,260617,1,01-02-2026,48,681.6,41,2026,1,2,11,50,AFA260255,0,0
31238,260811,7,01-01-2026,25,62.5,57,2026,1,1,12,0,AFA260256,0,0
31239,261093,7,01-01-2026,25,62.5,57,2026,1,1,12,0,AFA260256,0,0
31240,374,11,01-01-2026,48,151.2,41,2026,1,1,12,0,AFA260256,0,0
31242,235,11,01-02-2026,48,151.2,41,2026,1,2,11,0,AFA260256,0,0
31243,261094,2,01-01-2026,24,400.8,41,2026,1,1,12,25,AFA260257,0,0
31245,259744,2,01-01-2026,24,400.8,41,2026,1,1,12,25,AFA260257,0,0
31246,259744,11,01-01-2026,24,75.6,41,2026,1,1,12,0,AFA260257,0,0
31247,171,,01-03-2026,42,743.4,25,2026,1,3,10,0,AFA260257,0,0
31248,258213,,01-02-2026,17,300.9,41,2026,1,2,11,0,AFA260257,0,0
31250,268,21,01-01-2026,48,1392,41,2026,1,1,12,50,AFA260258,0,0
31251,567,,01-02-2026,1,17.7,57,2026,1,2,11,0,,0,0
31255,258734,21,01-02-2026,47,1363,26,2026,1,2,11,50,AFA260258,0,0
31258,257548,2,01-02-2026,23,384.1,26,2026,1,2,11,25,AFA260258,0,0
31259,257548,8,01-02-2026,23,333.5,26,2026,1,2,11,0,AFA260258,0,0
31260,261096,23,01-02-2026,24,768,41,2026,1,2,11,25,AFA260258,0,0
31262,260376,9,01-02-2026,23,402.5,41,2026,1,2,11,0,AFA260259,0,0
31263,260737,,01-02-2026,1,17.7,41,2026,1,2,11,0,,0,0
31264,260963,1,01-02-2026,47,667.4,26,2026,1,2,11,50,AFA260259,0,0
31265,259337,3,01-02-2026,47,1146.8,41,2026,1,2,11,50,,0,0
31266,259337,10,01-02-2026,42,987,41,2026,1,2,11,0,,0,0
31267,260411,8,01-02-2026,30,435,0,2026,1,2,11,0,,0,0
31268,47476,21,01-02-2026,46,1334,26,2026,1,2,11,50,AFA260259,0,0
31269,260224,,01-02-2026,18,318.6,26,2026,1,2,11,0,AFA260259,0,0
31270,260224,8,01-02-2026,18,261,26,2026,1,2,11,0,AFA260259,0,0
31271,260991,7,01-02-2026,25,62.5,5,2026,1,2,11,0,AFA260259,0,0
31272,577,33,01-02-2026,46,874,41,2026,1,2,11,50,AFA260261,0,0
31273,261097,23,01-02-2026,23,736,26,2026,1,2,11,25,AFA260261,0,0
31274,260982,9,01-02-2026,23,402.5,26,2026,1,2,11,0,AFA260262,0,0
31275,259607,10,01-02-2026,23,540.5,67,2026,1,2,11,0,AFA260262,0,0
31276,260838,7,01-02-2026,1,2.5,5,2026,1,2,11,0,,0,0
31277,258510,21,01-02-2026,45,1305,26,2026,1,2,11,50,AFA260264,0,0
31278,261103,4,01-02-2026,22,594,26,2026,1,2,11,25,AFA260264,0,0
31279,261104,7,01-02-2026,25,62.5,44,2026,1,2,11,0,AFA260265,0,0
31283,260594,25,01-02-2026,1,33,41,2026,1,2,11,0,,0,0
31287,121,21,01-02-2026,42,1218,41,2026,1,2,11,50,,0,0
31288,259852,1,01-02-2026,44,624.8,26,2026,1,2,11,50,AFA260266,0,0
31289,259852,11,01-02-2026,44,138.6,26,2026,1,2,11,0,AFA260266,0,0
31290,259852,8,01-02-2026,22,319,26,2026,1,2,11,0,AFA260266,0,0
31291,261109,7,01-02-2026,42,105,5,2026,1,2,11,0,AFA260266,0,0
31292,261111,23,01-02-2026,22,704,20,2026,1,2,11,25,FA2300430,0,0
31293,258042,1,01-03-2026,42,596.4,25,2026,1,3,10,50,AFA260266,0,0
31294,152572,,01-03-2026,1,28,41,2026,1,3,10,0,,0,0
31295,260142,11,01-02-2026,44,138.6,26,2026,1,2,11,0,AFA260267,0,0
31296,261112,7,01-03-2026,25,62.5,44,2026,1,3,10,0,AFA260267,0,0
31297,260993,7,01-03-2026,25,62.5,44,2026,1,3,10,0,AFA260267,0,0
31298,261113,7,01-03-2026,25,62.5,44,2026,1,3,10,0,AFA260267,0,0
31299,258914,21,01-03-2026,43,1247,41,2026,1,3,10,50,AFA260267,0,0
31300,260996,7,01-03-2026,25,62.5,31,2026,1,3,10,0,AFA260268,0,0
31301,259706,7,01-03-2026,18,45,5,2026,1,3,10,0,,0,0
31302,261118,7,01-03-2026,25,62.5,62,2026,1,3,10,0,AFA260268,0,0
31303,261119,7,01-03-2026,25,62.5,62,2026,1,3,10,0,AFA260268,0,0
31304,261120,37,01-03-2026,10,230,25,2026,1,3,10,0,AFA260269,0,0
31305,258416,8,01-03-2026,2,29,5,2026,1,3,10,0,AFA260269,0,0
31306,257961,,01-03-2026,1,17.7,41,2026,1,3,10,0,,0,0
31307,257961,10,01-03-2026,1,23.5,41,2026,1,3,10,0,,0,0
31308,257961,11,01-03-2026,1,3.15,41,2026,1,3,10,0,,0,0
31309,261121,21,01-03-2026,41,1189,25,2026,1,3,10,50,AFA260269,0,0
31310,259545,11,01-03-2026,1,3.15,41,2026,1,3,10,0,,0,0
31311,257961,,01-03-2026,1,17.7,41,2026,1,3,10,0,,0,0
31312,257961,11,01-03-2026,1,3.15,41,2026,1,3,10,0,,0,0
31313,120682,11,01-03-2026,1,3.15,41,2026,1,3,10,0,,0,0
31315,259191,23,01-04-2026,19,608,34,2026,1,4,9,25,AFA260270,0,0
31316,261129,35,01-03-2026,21,462,25,2026,1,3,10,25,AFA260270,0,0
31318,124844,35,01-03-2026,21,462,20,2026,1,3,10,25,AFA260271,0,0
31319,260926,11,01-03-2026,21,66.15,25,2026,1,3,10,0,AFA260270,0,0
31320,261130,2,01-03-2026,20,334,25,2026,1,3,10,25,AFA260270,0,0
31321,261132,7,01-03-2026,25,62.5,62,2026,1,3,10,0,AFA260271,0,0
31325,125845,11,01-03-2026,1,3.15,41,2026,1,3,10,0,,0,0
31326,260157,21,01-03-2026,40,1160,25,2026,1,3,10,50,AFA260271,0,0
31327,261134,,01-03-2026,1,17.7,57,2026,1,3,10,0,AFA260271,0,0
31328,261135,7,01-03-2026,25,62.5,62,2026,1,3,10,0,AFA260271,0,0
31330,261137,7,01-03-2026,25,62.5,62,2026,1,3,10,0,AFA260272,0,0
31331,261138,7,01-03-2026,25,62.5,62,2026,1,3,10,0,AFA260272,0,0
31332,261139,7,01-03-2026,25,62.5,62,2026,1,3,10,0,AFA260272,0,0
31333,261140,7,01-03-2026,25,62.5,62,2026,1,3,10,0,AFA260272,0,0
31335,261144,35,01-03-2026,20,440,66,2026,1,3,10,25,AFA260272,0,0
31336,258498,33,01-04-2026,39,741,34,2026,1,4,9,50,AFA260273,0,0
31337,261149,,01-04-2026,1,17.7,37,2026,1,4,9,0,AFA260273,0,0
31338,261126,7,01-04-2026,38,95,5,2026,1,4,9,0,AFA260273,0,0
31339,260081,7,01-04-2026,25,62.5,0,2026,1,4,9,0,,0,0
31340,258091,,01-04-2026,1,17.7,41,2026,1,4,9,0,,0,0
31344,261150,2,01-04-2026,19,317.3,20,2026,1,4,9,25,AFA260274,0,0
31346,261150,8,01-04-2026,10,145,20,2026,1,4,9,0,AFA260274,0,0
31347,261150,11,01-04-2026,19,59.85,20,2026,1,4,9,0,AFA260274,0,0
31348,258281,23,01-04-2026,19,608,41,2026,1,4,9,25,AFA260274,0,0
31349,260737,35,01-04-2026,20,440,41,2026,1,4,9,25,AFA260274,0,0
31350,261134,2,01-04-2026,19,317.3,44,2026,1,4,9,25,AFA260274,0,0
31353,261151,27,01-04-2026,38,1862,34,2026,1,4,9,50,AFA260274,0,0
31354,258463,1,01-04-2026,38,539.6,41,2026,1,4,9,50,AFA260274,0,0
31356,260069,4,01-05-2026,17,459,33,2026,1,5,8,25,AFA260275,0,0
31358,261149,2,01-04-2026,19,317.3,34,2026,1,4,9,25,AFA260275,0,0
31359,261153,7,01-04-2026,25,62.5,62,2026,1,4,9,0,AFA260275,0,0
31362,261155,7,01-05-2026,33,82.5,5,2026,1,5,8,0,AFA260276,0,0
31363,261156,7,01-05-2026,33,82.5,5,2026,1,5,8,0,AFA260276,0,0
31364,261157,7,01-05-2026,33,82.5,5,2026,1,5,8,0,AFA260276,0,0
31365,261161,35,01-04-2026,18,396,65,2026,1,4,9,25,AFA260276,0,0
31366,567,,01-04-2026,1,17.7,44,2026,1,4,9,0,,0,0
31367,258075,21,01-04-2026,36,1044,34,2026,1,4,9,50,AFA260277,0,0
31368,261148,7,01-05-2026,33,82.5,5,2026,1,5,8,0,AFA260277,0,0
31369,258222,11,01-04-2026,1,3.15,41,2026,1,4,9,0,,0,0
31370,272,1,01-04-2026,36,511.2,34,2026,1,4,9,50,AFA260278,0,0
