"code_commune_insee","nom_de_la_commune","code_postal","libelle_d_acheminement","ligne_5","_geopoint","latitude","longitude"
"88001","LES ABLEUVENETTES","88270","LES ABLEUVENETTES",,"48.1909774849846,6.193662618021051","48.1909774849846","6.193662618021051"
"88002","AHEVILLE","88500","AHEVILLE",,"48.2836218719917,6.200667010718444","48.2836218719917","6.200667010718444"
"88003","AINGEVILLE","88140","AINGEVILLE",,"48.206009084785514,5.765943112256725","48.206009084785514","5.765943112256725"
"88004","AINVELLE","88320","AINVELLE",,"47.98660885916422,5.826818343423163","47.98660885916422","5.826818343423163"
"88005","ALLARMONT","88110","ALLARMONT",,"48.469729024153736,7.017607700284586","48.469729024153736","7.017607700284586"
"88006","AMBACOURT","88500","AMBACOURT",,"48.35149895829123,6.139401133794489","48.35149895829123","6.139401133794489"
"88007","AMEUVELLE","88410","AMEUVELLE",,"47.95100055473843,5.949762410919294","47.95100055473843","5.949762410919294"
"88008","ANGLEMONT","88700","ANGLEMONT",,"48.377311225883645,6.671316054415843","48.377311225883645","6.671316054415843"
"88009","ANOULD","88650","ANOULD",,"48.17943964230536,6.938977854762308","48.17943964230536","6.938977854762308"
"88010","AOUZE","88170","AOUZE",,"48.383631501666045,5.867542270353049","48.383631501666045","5.867542270353049"
"88011","ARCHES","88380","ARCHES",,"48.108117208473445,6.507695098675553","48.108117208473445","6.507695098675553"
"88012","ARCHETTES","88380","ARCHETTES",,"48.13236614554342,6.5484315845216665","48.13236614554342","6.5484315845216665"
"88013","AROFFE","88170","AROFFE",,"48.41118239946779,5.899734198661793","48.41118239946779","5.899734198661793"
"88014","ARRENTES DE CORCIEUX","88430","ARRENTES DE CORCIEUX",,"48.13355984626832,6.871611810145594","48.13355984626832","6.871611810145594"
"88015","ATTIGNEVILLE","88300","ATTIGNEVILLE",,"48.39688809416142,5.826557107191882","48.39688809416142","5.826557107191882"
"88016","ATTIGNY","88260","ATTIGNY",,"48.062393240922745,6.02487451851471","48.062393240922745","6.02487451851471"
"88017","AULNOIS","88300","AULNOIS",,"48.261731921087105,5.778739885849189","48.261731921087105","5.778739885849189"
"88019","AUTIGNY LA TOUR","88300","AUTIGNY LA TOUR",,"48.413692102558954,5.786884475571494","48.413692102558954","5.786884475571494"
"88020","AUTREVILLE","88300","AUTREVILLE",,"48.48673682103373,5.868685422198611","48.48673682103373","5.868685422198611"
"88021","AUTREY","88700","AUTREY",,"48.291761448156,6.724968764496979","48.291761448156","6.724968764496979"
"88022","AUZAINVILLIERS","88140","AUZAINVILLIERS",,"48.237546769178316,5.855937182763831","48.237546769178316","5.855937182763831"
"88023","AVILLERS","88500","AVILLERS",,"48.3125004254282,6.2050100647619395","48.3125004254282","6.2050100647619395"
"88024","AVRAINVILLE","88130","AVRAINVILLE",,"48.37890985460163,6.219411721154916","48.37890985460163","6.219411721154916"
"88025","AVRANVILLE","88630","AVRANVILLE",,"48.416537135631465,5.538838513292431","48.416537135631465","5.538838513292431"
"88026","AYDOILLES","88600","AYDOILLES",,"48.21210076595216,6.573817972351439","48.21210076595216","6.573817972351439"
"88027","BADMENIL AUX BOIS","88330","BADMENIL AUX BOIS",,"48.31145758368965,6.528463156058686","48.31145758368965","6.528463156058686"
"88028","LA BAFFE","88460","LA BAFFE",,"48.1649531977257,6.558383967305867","48.1649531977257","6.558383967305867"
"88029","LA VOGE LES BAINS","88240","LA VOGE LES BAINS","BAINS LES BAINS","48.01704130363961,6.254250835204911","48.01704130363961","6.254250835204911"
"88029","LA VOGE LES BAINS","88240","LA VOGE LES BAINS","HARSAULT","48.01704130363961,6.254250835204911","48.01704130363961","6.254250835204911"
"88029","LA VOGE LES BAINS","88240","LA VOGE LES BAINS","HAUTMOUGEY","48.01704130363961,6.254250835204911","48.01704130363961","6.254250835204911"
"88029","LA VOGE LES BAINS","88240","LA VOGE LES BAINS","LA FORGE DE THUNIMONT","48.01704130363961,6.254250835204911","48.01704130363961","6.254250835204911"
"88029","LA VOGE LES BAINS","88240","LA VOGE LES BAINS","THUNIMONT","48.01704130363961,6.254250835204911","48.01704130363961","6.254250835204911"
"88030","BAINVILLE AUX SAULES","88270","BAINVILLE AUX SAULES",,"48.20816068198971,6.132918298748921","48.20816068198971","6.132918298748921"
"88031","BALLEVILLE","88170","BALLEVILLE",,"48.33632898413646,5.846680919019928","48.33632898413646","5.846680919019928"
"88032","BAN DE LAVELINE","88520","BAN DE LAVELINE",,"48.22541141266126,7.080070256808526","48.22541141266126","7.080070256808526"
"88033","BAN DE SAPT","88210","BAN DE SAPT",,"48.339968540569785,7.016053346984992","48.339968540569785","7.016053346984992"
"88035","BARBEY SEROUX","88640","BARBEY SEROUX",,"48.129095331692426,6.846627748201894","48.129095331692426","6.846627748201894"
"88036","BARVILLE","88300","BARVILLE",,"48.37849292610038,5.770873999659264","48.37849292610038","5.770873999659264"
"88037","BASSE SUR LE RUPT","88120","BASSE SUR LE RUPT",,"47.98549414754875,6.772370941969113","47.98549414754875","6.772370941969113"
"88038","BATTEXEY","88130","BATTEXEY",,"48.38922617762282,6.184141546610589","48.38922617762282","6.184141546610589"
"88039","BAUDRICOURT","88500","BAUDRICOURT",,"48.30865652047761,6.056649674939143","48.30865652047761","6.056649674939143"
"88040","BAYECOURT","88150","BAYECOURT",,"48.271378943746726,6.494088869864993","48.271378943746726","6.494088869864993"
"88041","BAZEGNEY","88270","BAZEGNEY",,"48.26535664261635,6.234383621782402","48.26535664261635","6.234383621782402"
"88042","BAZIEN","88700","BAZIEN",,"48.415052404215075,6.6806263638016","48.415052404215075","6.6806263638016"
"88043","BAZOILLES ET MENIL","88500","BAZOILLES ET MENIL",,"48.258952833091044,6.106430280192063","48.258952833091044","6.106430280192063"
"88044","BAZOILLES SUR MEUSE","88300","BAZOILLES SUR MEUSE",,"48.29886583994036,5.648954126022577","48.29886583994036","5.648954126022577"
"88045","BEAUFREMONT","88300","BEAUFREMONT",,"48.256234460058444,5.7435771975733925","48.256234460058444","5.7435771975733925"
"88046","BEAUMENIL","88600","BEAUMENIL",,"48.168948206381046,6.721203930273253","48.168948206381046","6.721203930273253"
"88047","BEGNECOURT","88270","BEGNECOURT",,"48.20949270784424,6.165289153190773","48.20949270784424","6.165289153190773"
"88048","BELLEFONTAINE","88370","BELLEFONTAINE",,"48.01030298448086,6.462355053576113","48.01030298448086","6.462355053576113"
"88049","BELMONT LES DARNEY","88260","BELMONT LES DARNEY",,"48.085514630454824,6.015248538552407","48.085514630454824","6.015248538552407"
"88050","BELMONT SUR BUTTANT","88600","BELMONT SUR BUTTANT",,"48.222195515393636,6.768861173942127","48.222195515393636","6.768861173942127"
"88051","BELMONT SUR VAIR","88800","BELMONT SUR VAIR",,"48.2579328520083,5.913493611414967","48.2579328520083","5.913493611414967"
"88052","BELRUPT","88260","BELRUPT",,"48.09462544875851,6.085256149144778","48.09462544875851","6.085256149144778"
"88053","BELVAL","88210","BELVAL",,"48.41223319462919,7.069676010579669","48.41223319462919","7.069676010579669"
"88054","BERTRIMOUTIER","88520","BERTRIMOUTIER",,"48.265462235021175,7.0606467098941845","48.265462235021175","7.0606467098941845"
"88055","BETTEGNEY ST BRICE","88450","BETTEGNEY ST BRICE",,"48.304590931900464,6.31217376501127","48.304590931900464","6.31217376501127"
"88056","BETTONCOURT","88500","BETTONCOURT",,"48.33921052273294,6.163516448419703","48.33921052273294","6.163516448419703"
"88057","LE BEULAY","88490","LE BEULAY",,"48.304777936740194,7.065116011968064","48.304777936740194","7.065116011968064"
"88058","BIECOURT","88170","BIECOURT",,"48.324272266982646,5.953468507722326","48.324272266982646","5.953468507722326"
"88059","BIFFONTAINE","88430","BIFFONTAINE",,"48.21219703847477,6.818295777845132","48.21219703847477","6.818295777845132"
"88060","BLEMEREY","88500","BLEMEREY",,"48.358591903529074,6.042537934031046","48.358591903529074","6.042537934031046"
"88061","BLEURVILLE","88410","BLEURVILLE",,"48.06773048427827,5.958811389186657","48.06773048427827","5.958811389186657"
"88062","BLEVAINCOURT","88320","BLEVAINCOURT",,"48.121654392107125,5.710727115787446","48.121654392107125","5.710727115787446"
"88063","BOCQUEGNEY","88270","BOCQUEGNEY",,"48.22336490384365,6.311396762440051","48.22336490384365","6.311396762440051"
"88064","BOIS DE CHAMP","88600","BOIS DE CHAMP",,"48.24163375518013,6.794215930542169","48.24163375518013","6.794215930542169"
"88065","BONVILLET","88260","BONVILLET",,"48.1004461589292,6.064352874715718","48.1004461589292","6.064352874715718"
"88066","BOULAINCOURT","88500","BOULAINCOURT",,"48.37374703485024,6.084045836755985","48.37374703485024","6.084045836755985"
"88068","LA BOURGONCE","88470","LA BOURGONCE",,"48.30134609139704,6.812964427664062","48.30134609139704","6.812964427664062"
"88069","BOUXIERES AUX BOIS","88270","BOUXIERES AUX BOIS",,"48.256240897512534,6.322510173572484","48.256240897512534","6.322510173572484"
"88070","BOUXURULLES","88130","BOUXURULLES",,"48.33218372125205,6.230372234668815","48.33218372125205","6.230372234668815"
"88071","BOUZEMONT","88270","BOUZEMONT",,"48.249833612345796,6.2392261751476905","48.249833612345796","6.2392261751476905"
"88073","BRANTIGNY","88130","BRANTIGNY",,"48.3489532288346,6.276905680459853","48.3489532288346","6.276905680459853"
"88074","BRECHAINVILLE","88350","BRECHAINVILLE",,"48.36180418228176,5.502255034306801","48.36180418228176","5.502255034306801"
"88075","LA BRESSE","88250","LA BRESSE",,"48.02107502302397,6.9201910046512225","48.02107502302397","6.9201910046512225"
"88076","BROUVELIEURES","88600","BROUVELIEURES",,"48.24116353529528,6.73362498931535","48.24116353529528","6.73362498931535"
"88077","BRU","88700","BRU",,"48.35536836721637,6.685365635296311","48.35536836721637","6.685365635296311"
"88078","BRUYERES","88600","BRUYERES",,"48.21545090917442,6.7138978335312975","48.21545090917442","6.7138978335312975"
"88079","BULGNEVILLE","88140","BULGNEVILLE",,"48.21200024877868,5.84117292392207","48.21200024877868","5.84117292392207"
"88080","BULT","88700","BULT",,"48.29815646715172,6.593807648597115","48.29815646715172","6.593807648597115"
"88081","BUSSANG","88540","BUSSANG",,"47.892241465064245,6.875027990264453","47.892241465064245","6.875027990264453"
"88082","CELLES SUR PLAINE","88110","CELLES SUR PLAINE",,"48.451314925941894,6.965577302400268","48.451314925941894","6.965577302400268"
"88083","CERTILLEUX","88300","CERTILLEUX",,"48.319839971188216,5.733036530901433","48.319839971188216","5.733036530901433"
"88084","CHAMAGNE","88130","CHAMAGNE",,"48.41165236941107,6.307366181305181","48.41165236941107","6.307366181305181"
"88085","CHAMPDRAY","88640","CHAMPDRAY",,"48.125723996071216,6.757676100097218","48.125723996071216","6.757676100097218"
"88086","CHAMP LE DUC","88600","CHAMP LE DUC",,"48.19238400846676,6.727350648997416","48.19238400846676","6.727350648997416"
"88087","CHANTRAINE","88000","CHANTRAINE",,"48.16698775048404,6.42438706991652","48.16698775048404","6.42438706991652"
"88088","LA CHAPELLE AUX BOIS","88240","LA CHAPELLE AUX BOIS",,"48.03000117819581,6.323126588591875","48.03000117819581","6.323126588591875"
"88088","LA CHAPELLE AUX BOIS","88240","LA CHAPELLE AUX BOIS","GREMIFONTAINE","48.03000117819581,6.323126588591875","48.03000117819581","6.323126588591875"
"88089","LA CHAPELLE DEVANT BRUYERES","88600","LA CHAPELLE DEVANT BRUYERES",,"48.17782333871507,6.803664431796256","48.17782333871507","6.803664431796256"
"88090","CHARMES","88130","CHARMES",,"48.38295709469247,6.322511001347313","48.38295709469247","6.322511001347313"
"88091","CHARMOIS DEVANT BRUYERES","88460","CHARMOIS DEVANT BRUYERES",,"48.171171440467916,6.589819964230148","48.171171440467916","6.589819964230148"
"88092","CHARMOIS L ORGUEILLEUX","88270","CHARMOIS L ORGUEILLEUX",,"48.0904255430549,6.261800257910494","48.0904255430549","6.261800257910494"
"88093","CHATAS","88210","CHATAS",,"48.36666503647719,7.038312754106544","48.36666503647719","7.038312754106544"
"88094","CHATEL SUR MOSELLE","88330","CHATEL SUR MOSELLE",,"48.316429079905696,6.398980366555689","48.316429079905696","6.398980366555689"
"88095","CHATENOIS","88170","CHATENOIS",,"48.311927430800814,5.825108536811944","48.311927430800814","5.825108536811944"
"88095","CHATENOIS","88170","CHATENOIS","VALAINCOURT","48.311927430800814,5.825108536811944","48.311927430800814","5.825108536811944"
"88096","CHATILLON SUR SAONE","88410","CHATILLON SUR SAONE",,"47.946167886716395,5.878450571672085","47.946167886716395","5.878450571672085"
"88097","CHAUFFECOURT","88500","CHAUFFECOURT",,"48.3335388307708,6.155684164394384","48.3335388307708","6.155684164394384"
"88098","CHAUMOUSEY","88390","CHAUMOUSEY",,"48.17200539747934,6.325076064319208","48.17200539747934","6.325076064319208"
"88099","CHAVELOT","88150","CHAVELOT",,"48.22901765687212,6.428112976938717","48.22901765687212","6.428112976938717"
"88100","CHEF HAUT","88500","CHEF HAUT",,"48.35403833599248,6.009272576967945","48.35403833599248","6.009272576967945"
"88101","CHENIMENIL","88460","CHENIMENIL",,"48.13671429329547,6.595900596888027","48.13671429329547","6.595900596888027"
"88102","CHERMISEY","88630","CHERMISEY",,"48.412526638352205,5.571710731540927","48.412526638352205","5.571710731540927"
"88103","CIRCOURT","88270","CIRCOURT",,"48.24910068928099,6.283279299935366","48.24910068928099","6.283279299935366"
"88104","CIRCOURT SUR MOUZON","88300","CIRCOURT SUR MOUZON",,"48.30330725660146,5.6996728826491045","48.30330725660146","5.6996728826491045"
"88105","CLAUDON","88410","CLAUDON",,"48.03324402545111,6.045359048780865","48.03324402545111","6.045359048780865"
"88106","BAN SUR MEURTHE CLEFCY","88230","BAN SUR MEURTHE CLEFCY",,"48.12849842755301,6.970186958698854","48.12849842755301","6.970186958698854"
"88106","BAN SUR MEURTHE CLEFCY","88230","BAN SUR MEURTHE CLEFCY","BAN SUR MEURTHE","48.12849842755301,6.970186958698854","48.12849842755301","6.970186958698854"
"88107","CLEREY LA COTE","88630","CLEREY LA COTE",,"48.485171662387245,5.762386365638212","48.485171662387245","5.762386365638212"
"88108","LE CLERJUS","88240","LE CLERJUS",,"47.97896712187454,6.330554324095083","47.97896712187454","6.330554324095083"
"88109","CLEURIE","88120","CLEURIE",,"48.05515263158849,6.673978064281166","48.05515263158849","6.673978064281166"
"88110","CLEZENTAINE","88700","CLEZENTAINE",,"48.40629803513707,6.524177967609022","48.40629803513707","6.524177967609022"
"88111","COINCHES","88100","COINCHES",,"48.24234361431942,7.023028128485013","48.24234361431942","7.023028128485013"
"88113","COMBRIMONT","88490","COMBRIMONT",,"48.27419301764737,7.075174358685935","48.27419301764737","7.075174358685935"
"88114","CONTREXEVILLE","88140","CONTREXEVILLE",,"48.18598170870942,5.8905574359370645","48.18598170870942","5.8905574359370645"
"88115","CORCIEUX","88430","CORCIEUX",,"48.16501091971726,6.878986988633398","48.16501091971726","6.878986988633398"
"88116","CORNIMONT","88310","CORNIMONT",,"47.96127256287272,6.876760962512183","47.96127256287272","6.876760962512183"
"88117","COURCELLES SOUS CHATENOIS","88170","COURCELLES SOUS CHATENOIS",,"48.32689894267461,5.814729377989032","48.32689894267461","5.814729377989032"
"88118","COUSSEY","88630","COUSSEY",,"48.41360290180629,5.667115782381641","48.41360290180629","5.667115782381641"
"88119","CRAINVILLIERS","88140","CRAINVILLIERS",,"48.14966615116228,5.838230140378052","48.14966615116228","5.838230140378052"
"88120","LA CROIX AUX MINES","88520","LA CROIX AUX MINES",,"48.20368848957655,7.067489303362146","48.20368848957655","7.067489303362146"
"88121","DAMAS AUX BOIS","88330","DAMAS AUX BOIS",,"48.384280068084486,6.403092713004796","48.384280068084486","6.403092713004796"
"88122","DAMAS ET BETTEGNEY","88270","DAMAS ET BETTEGNEY",,"48.21201177462203,6.264232942067066","48.21201177462203","6.264232942067066"
"88123","DAMBLAIN","88320","DAMBLAIN",,"48.0891468279962,5.668458603080674","48.0891468279962","5.668458603080674"
"88124","DARNEY","88260","DARNEY",,"48.07988804521268,6.055632353059879","48.07988804521268","6.055632353059879"
"88125","DARNEY AUX CHENES","88170","DARNEY AUX CHENES",,"48.283158294162824,5.8100712846463995","48.283158294162824","5.8100712846463995"
"88126","DARNIEULLES","88390","DARNIEULLES",,"48.1979894017784,6.335578658615464","48.1979894017784","6.335578658615464"
"88127","DEINVILLERS","88700","DEINVILLERS",,"48.413653043458424,6.562833198032964","48.413653043458424","6.562833198032964"
"88128","DENIPAIRE","88210","DENIPAIRE",,"48.34018213168794,6.959428699956465","48.34018213168794","6.959428699956465"
"88129","DERBAMONT","88270","DERBAMONT",,"48.26553447411726,6.2734527879967334","48.26553447411726","6.2734527879967334"
"88130","DESTORD","88600","DESTORD",,"48.27349076918355,6.620937350201319","48.27349076918355","6.620937350201319"
"88131","DEYCIMONT","88600","DEYCIMONT",,"48.17446303115248,6.642227895340586","48.17446303115248","6.642227895340586"
"88132","DEYVILLERS","88000","DEYVILLERS",,"48.197466367663694,6.528260781265672","48.197466367663694","6.528260781265672"
"88133","DIGNONVILLE","88000","DIGNONVILLE",,"48.24138739981038,6.500187904775771","48.24138739981038","6.500187904775771"
"88134","DINOZE","88000","DINOZE",,"48.138267674567416,6.485202753722197","48.138267674567416","6.485202753722197"
"88135","DOCELLES","88460","DOCELLES",,"48.13880754329314,6.625387857655525","48.13880754329314","6.625387857655525"
"88136","DOGNEVILLE","88000","DOGNEVILLE",,"48.219819402304864,6.4666570926094735","48.219819402304864","6.4666570926094735"
"88137","DOLAINCOURT","88170","DOLAINCOURT",,"48.34050570379077,5.808545402574472","48.34050570379077","5.808545402574472"
"88138","DOMBASLE DEVANT DARNEY","88260","DOMBASLE DEVANT DARNEY",,"48.127935853365514,6.075200140048738","48.127935853365514","6.075200140048738"
"88139","DOMBASLE EN XAINTOIS","88500","DOMBASLE EN XAINTOIS",,"48.303556034667075,5.995241881649244","48.303556034667075","5.995241881649244"
"88140","DOMBROT LE SEC","88140","DOMBROT LE SEC",,"48.14515422574769,5.8977853511138445","48.14515422574769","5.8977853511138445"
"88141","DOMBROT SUR VAIR","88170","DOMBROT SUR VAIR",,"48.26592955569327,5.900709184655991","48.26592955569327","5.900709184655991"
"88142","DOMEVRE SUR AVIERE","88390","DOMEVRE SUR AVIERE",,"48.224193854768366,6.389979757745024","48.224193854768366","6.389979757745024"
"88143","DOMEVRE SUR DURBION","88330","DOMEVRE SUR DURBION",,"48.28708540321912,6.488578368017681","48.28708540321912","6.488578368017681"
"88144","DOMEVRE SOUS MONTFORT","88500","DOMEVRE SOUS MONTFORT",,"48.25811745145694,6.072116044564966","48.25811745145694","6.072116044564966"
"88145","DOMFAING","88600","DOMFAING",,"48.244025251740034,6.753369683117284","48.244025251740034","6.753369683117284"
"88146","DOMJULIEN","88800","DOMJULIEN",,"48.25686225755582,5.999251052981283","48.25686225755582","5.999251052981283"
"88146","DOMJULIEN","88800","DOMJULIEN","GIROVILLERS SOUS MONTFORT","48.25686225755582,5.999251052981283","48.25686225755582","5.999251052981283"
"88147","DOMMARTIN AUX BOIS","88390","DOMMARTIN AUX BOIS",,"48.14851208763548,6.2916782689729125","48.14851208763548","6.2916782689729125"
"88148","DOMMARTIN LES REMIREMONT","88200","DOMMARTIN LES REMIREMONT",,"47.98881978572272,6.652129550292059","47.98881978572272","6.652129550292059"
"88149","DOMMARTIN LES VALLOIS","88260","DOMMARTIN LES VALLOIS",,"48.155766116491776,6.085307847653963","48.155766116491776","6.085307847653963"
"88150","DOMMARTIN SUR VRAINE","88170","DOMMARTIN SUR VRAINE",,"48.34299481316495,5.911780930714635","48.34299481316495","5.911780930714635"
"88151","DOMPAIRE","88270","DOMPAIRE",,"48.22601393435029,6.209329225034216","48.22601393435029","6.209329225034216"
"88152","DOMPIERRE","88600","DOMPIERRE",,"48.24850840744189,6.566320795725515","48.24850840744189","6.566320795725515"
"88153","DOMPTAIL","88700","DOMPTAIL",,"48.44517434938456,6.617439360569708","48.44517434938456","6.617439360569708"
"88154","DOMREMY LA PUCELLE","88630","DOMREMY LA PUCELLE",,"48.44085545633061,5.656638542550615","48.44085545633061","5.656638542550615"
"88155","DOMVALLIER","88500","DOMVALLIER",,"48.30304897803351,6.080270120787127","48.30304897803351","6.080270120787127"
"88156","DONCIERES","88700","DONCIERES",,"48.39014264485028,6.634431435307021","48.39014264485028","6.634431435307021"
"88157","DOUNOUX","88220","DOUNOUX",,"48.10682183864247,6.442297035645712","48.10682183864247","6.442297035645712"
"88158","ELOYES","88510","ELOYES",,"48.0914709334006,6.623773251124928","48.0914709334006","6.623773251124928"
"88159","ENTRE DEUX EAUX","88650","ENTRE DEUX EAUX",,"48.23920784326173,7.000514038478224","48.23920784326173","7.000514038478224"
"88160","EPINAL","88000","EPINAL",,"48.1637076678839,6.486674219034196","48.1637076678839","6.486674219034196"
"88161","ESCLES","88260","ESCLES",,"48.11893653144025,6.164930152024252","48.11893653144025","6.164930152024252"
"88162","ESLEY","88260","ESLEY",,"48.175305359403055,6.060416871669821","48.175305359403055","6.060416871669821"
"88163","ESSEGNEY","88130","ESSEGNEY",,"48.37931906149432,6.344912094933846","48.37931906149432","6.344912094933846"
"88164","ESTRENNES","88500","ESTRENNES",,"48.260321536615976,6.056520000110005","48.260321536615976","6.056520000110005"
"88165","ETIVAL CLAIREFONTAINE","88480","ETIVAL CLAIREFONTAINE",,"48.36662989556454,6.835116496589897","48.36662989556454","6.835116496589897"
"88166","EVAUX ET MENIL","88450","EVAUX ET MENIL",,"48.32525072973034,6.3023238734369365","48.32525072973034","6.3023238734369365"
"88167","FAUCOMPIERRE","88460","FAUCOMPIERRE",,"48.13975145291511,6.663939157677362","48.13975145291511","6.663939157677362"
"88168","FAUCONCOURT","88700","FAUCONCOURT",,"48.37200591853314,6.538762270240888","48.37200591853314","6.538762270240888"
"88169","FAYS","88600","FAYS",,"48.19710614526738,6.668989103362211","48.19710614526738","6.668989103362211"
"88170","FERDRUPT","88360","FERDRUPT",,"47.909893958068196,6.72238162510516","47.909893958068196","6.72238162510516"
"88171","FIGNEVELLE","88410","FIGNEVELLE",,"47.98462967926343,5.910513571506259","47.98462967926343","5.910513571506259"
"88172","FIMENIL","88600","FIMENIL",,"48.17201842630226,6.711068417029319","48.17201842630226","6.711068417029319"
"88173","FLOREMONT","88130","FLOREMONT",,"48.3712413097705,6.25340602972892","48.3712413097705","6.25340602972892"
"88174","FOMEREY","88390","FOMEREY",,"48.217949854707655,6.343047972619338","48.217949854707655","6.343047972619338"
"88175","FONTENAY","88600","FONTENAY",,"48.2144499873861,6.588045582035848","48.2144499873861","6.588045582035848"
"88176","FONTENOY LE CHATEAU","88240","FONTENOY LE CHATEAU",,"47.977908262316575,6.20621551172186","47.977908262316575","6.20621551172186"
"88176","FONTENOY LE CHATEAU","88240","FONTENOY LE CHATEAU","LE MAGNY","47.977908262316575,6.20621551172186","47.977908262316575","6.20621551172186"
"88177","LA FORGE","88530","LA FORGE",,"48.069573619236145,6.720074264793201","48.069573619236145","6.720074264793201"
"88178","LES FORGES","88390","LES FORGES",,"48.17390262845278,6.3939845909018915","48.17390262845278","6.3939845909018915"
"88179","FOUCHECOURT","88320","FOUCHECOURT",,"48.00463232532781,5.864664879480914","48.00463232532781","5.864664879480914"
"88180","FRAIN","88320","FRAIN",,"48.08349383045608,5.8801323777142525","48.08349383045608","5.8801323777142525"
"88181","FRAIZE","88230","FRAIZE",,"48.18756707568721,7.026771827546193","48.18756707568721","7.026771827546193"
"88182","FRAPELLE","88490","FRAPELLE",,"48.294510114236374,7.053057780428077","48.294510114236374","7.053057780428077"
"88183","FREBECOURT","88630","FREBECOURT",,"48.3820683956544,5.67561756359466","48.3820683956544","5.67561756359466"
"88184","FREMIFONTAINE","88600","FREMIFONTAINE",,"48.262517704914444,6.700677212047901","48.262517704914444","6.700677212047901"
"88185","FRENELLE LA GRANDE","88500","FRENELLE LA GRANDE",,"48.35306571943917,6.092991421895771","48.35306571943917","6.092991421895771"
"88186","FRENELLE LA PETITE","88500","FRENELLE LA PETITE",,"48.34957403997462,6.063073956260774","48.34957403997462","6.063073956260774"
"88187","FRENOIS","88270","FRENOIS",,"48.18525381628346,6.122930299300657","48.18525381628346","6.122930299300657"
"88188","FRESSE SUR MOSELLE","88160","FRESSE SUR MOSELLE",,"47.8653226265671,6.80858624241977","47.8653226265671","6.80858624241977"
"88189","FREVILLE","88350","FREVILLE",,"48.32474765539217,5.623478319798713","48.32474765539217","5.623478319798713"
"88190","FRIZON","88440","FRIZON",,"48.28555849002465,6.351736201792722","48.28555849002465","6.351736201792722"
"88192","GELVECOURT ET ADOMPT","88270","GELVECOURT ET ADOMPT",,"48.200131334626086,6.1793865922595295","48.200131334626086","6.1793865922595295"
"88192","GELVECOURT ET ADOMPT","88270","GELVECOURT ET ADOMPT","ADOMPT","48.200131334626086,6.1793865922595295","48.200131334626086","6.1793865922595295"
"88193","GEMAINGOUTTE","88520","GEMAINGOUTTE",,"48.244813255229566,7.104754529568151","48.244813255229566","7.104754529568151"
"88194","GEMMELAINCOURT","88170","GEMMELAINCOURT",,"48.275606444795216,5.968321462803263","48.275606444795216","5.968321462803263"
"88195","GENDREVILLE","88140","GENDREVILLE",,"48.2349007940642,5.715990975363278","48.2349007940642","5.715990975363278"
"88196","GERARDMER","88400","GERARDMER",,"48.06575234260832,6.85310582206445","48.06575234260832","6.85310582206445"
"88197","GERBAMONT","88120","GERBAMONT",,"48.00390684039907,6.769292726231313","48.00390684039907","6.769292726231313"
"88198","GERBEPAL","88430","GERBEPAL",,"48.12987860004279,6.925534373033445","48.12987860004279","6.925534373033445"
"88199","GIGNEVILLE","88320","GIGNEVILLE",,"48.11272144162493,5.918917813018645","48.11272144162493","5.918917813018645"
"88200","GIGNEY","88390","GIGNEY",,"48.230075854625596,6.33709604571394","48.230075854625596","6.33709604571394"
"88201","GIRANCOURT","88390","GIRANCOURT",,"48.14563088530175,6.324206304282575","48.14563088530175","6.324206304282575"
"88202","GIRCOURT LES VIEVILLE","88500","GIRCOURT LES VIEVILLE",,"48.34146850116247,6.195636589629364","48.34146850116247","6.195636589629364"
"88203","GIRECOURT SUR DURBION","88600","GIRECOURT SUR DURBION",,"48.248398055357484,6.597821174605599","48.248398055357484","6.597821174605599"
"88205","GIRMONT VAL D AJOL","88340","GIRMONT VAL D AJOL",,"47.95011120847526,6.565639124452432","47.95011120847526","6.565639124452432"
"88206","GIRONCOURT SUR VRAINE","88170","GIRONCOURT SUR VRAINE",,"48.299792823945324,5.931621510851942","48.299792823945324","5.931621510851942"
"88208","GODONCOURT","88410","GODONCOURT",,"47.996804567297794,5.930630843514912","47.996804567297794","5.930630843514912"
"88209","GOLBEY","88190","GOLBEY",,"48.19865501089625,6.425774741125519","48.19865501089625","6.425774741125519"
"88210","GORHEY","88270","GORHEY",,"48.18985430194441,6.294060298631944","48.18985430194441","6.294060298631944"
"88212","GRAND","88350","GRAND",,"48.39464321654813,5.473235162805022","48.39464321654813","5.473235162805022"
"88213","LA GRANDE FOSSE","88490","LA GRANDE FOSSE",,"48.34147483535361,7.079437337268311","48.34147483535361","7.079437337268311"
"88214","GRANDRUPT DE BAINS","88240","GRANDRUPT DE BAINS",,"48.06437314730556,6.1790157860504955","48.06437314730556","6.1790157860504955"
"88215","GRANDRUPT","88210","GRANDRUPT",,"48.366627940653075,7.060810277408107","48.366627940653075","7.060810277408107"
"88216","GRANDVILLERS","88600","GRANDVILLERS",,"48.23587948108955,6.679428843128509","48.23587948108955","6.679428843128509"
"88218","GRANGES AUMONTZEY","88640","GRANGES AUMONTZEY","AUMONTZEY","48.13422807365823,6.815106116709931","48.13422807365823","6.815106116709931"
"88218","GRANGES AUMONTZEY","88640","GRANGES AUMONTZEY","GRANGES SUR VOLOGNE","48.13422807365823,6.815106116709931","48.13422807365823","6.815106116709931"
"88219","GREUX","88630","GREUX",,"48.45805494440772,5.6664567086758275","48.45805494440772","5.6664567086758275"
"88220","GRIGNONCOURT","88410","GRIGNONCOURT",,"47.96017475554429,5.903972495162458","47.96017475554429","5.903972495162458"
"88221","GRUEY LES SURANCE","88240","GRUEY LES SURANCE",,"48.03464334462408,6.177673689210026","48.03464334462408","6.177673689210026"
"88222","GUGNECOURT","88600","GUGNECOURT",,"48.246498008942446,6.6243638911132585","48.246498008942446","6.6243638911132585"
"88223","GUGNEY AUX AULX","88450","GUGNEY AUX AULX",,"48.298186167384806,6.273844102322805","48.298186167384806","6.273844102322805"
"88224","HADIGNY LES VERRIERES","88330","HADIGNY LES VERRIERES",,"48.32074516624185,6.4754377274277655","48.32074516624185","6.4754377274277655"
"88225","HADOL","88220","HADOL",,"48.084531758308245,6.447549028404891","48.084531758308245","6.447549028404891"
"88226","HAGECOURT","88270","HAGECOURT",,"48.231065712165375,6.155495744034942","48.231065712165375","6.155495744034942"
"88227","HAGNEVILLE ET RONCOURT","88300","HAGNEVILLE ET RONCOURT",,"48.24590848521525,5.7870778025562455","48.24590848521525","5.7870778025562455"
"88227","HAGNEVILLE ET RONCOURT","88300","HAGNEVILLE ET RONCOURT","RONCOURT","48.24590848521525,5.7870778025562455","48.24590848521525","5.7870778025562455"
"88228","HAILLAINVILLE","88330","HAILLAINVILLE",,"48.3967753037374,6.49642518672316","48.3967753037374","6.49642518672316"
"88229","HARCHECHAMP","88300","HARCHECHAMP",,"48.40737763195314,5.801541537964068","48.40737763195314","5.801541537964068"
"88230","HARDANCOURT","88700","HARDANCOURT",,"48.37940249122167,6.560123540153005","48.37940249122167","6.560123540153005"
"88231","HAREVILLE","88800","HAREVILLE",,"48.20250014207904,6.0187689387907595","48.20250014207904","6.0187689387907595"
"88232","HARMONVILLE","88300","HARMONVILLE",,"48.461754413122875,5.869844651986938","48.461754413122875","5.869844651986938"
"88233","HAROL","88270","HAROL",,"48.14645560190222,6.249244383295569","48.14645560190222","6.249244383295569"
"88236","LA HAYE","88240","LA HAYE",,"48.060987723667324,6.198332449725616","48.060987723667324","6.198332449725616"
"88237","HENNECOURT","88270","HENNECOURT",,"48.218015834148204,6.2902327147290755","48.218015834148204","6.2902327147290755"
"88238","HENNEZEL","88260","HENNEZEL",,"48.04884102283272,6.113693744596095","48.04884102283272","6.113693744596095"
"88239","HERGUGNEY","88130","HERGUGNEY",,"48.38973714036261,6.21043118430171","48.38973714036261","6.21043118430171"
"88240","HERPELMONT","88600","HERPELMONT",,"48.16632338031691,6.7312345546192365","48.16632338031691","6.7312345546192365"
"88241","HOUECOURT","88170","HOUECOURT",,"48.29150590490332,5.897663290863903","48.29150590490332","5.897663290863903"
"88242","HOUEVILLE","88300","HOUEVILLE",,"48.370340249211154,5.807414229449671","48.370340249211154","5.807414229449671"
"88243","HOUSSERAS","88700","HOUSSERAS",,"48.307008753744284,6.7322067231007665","48.307008753744284","6.7322067231007665"
"88244","LA HOUSSIERE","88430","LA HOUSSIERE",,"48.20916144244052,6.864221722367033","48.20916144244052","6.864221722367033"
"88245","HURBACHE","88210","HURBACHE",,"48.3439367434571,6.9294850051897825","48.3439367434571","6.9294850051897825"
"88246","HYMONT","88500","HYMONT",,"48.263480504743185,6.135982456758037","48.263480504743185","6.135982456758037"
"88247","IGNEY","88150","IGNEY",,"48.27668391560182,6.393394446135558","48.27668391560182","6.393394446135558"
"88248","ISCHES","88320","ISCHES",,"48.01779641086624,5.820284226557417","48.01779641086624","5.820284226557417"
"88249","JAINVILLOTTE","88300","JAINVILLOTTE",,"48.2573208742419,5.704032090756304","48.2573208742419","5.704032090756304"
"88250","JARMENIL","88550","JARMENIL",,"48.115367756062895,6.593049046533033","48.115367756062895","6.593049046533033"
"88251","JEANMENIL","88700","JEANMENIL",,"48.32953852898687,6.722842066559504","48.32953852898687","6.722842066559504"
"88252","JESONVILLE","88260","JESONVILLE",,"48.123958349115036,6.114873694728212","48.123958349115036","6.114873694728212"
"88253","JEUXEY","88000","JEUXEY",,"48.20331477690371,6.491794439185458","48.20331477690371","6.491794439185458"
"88254","JORXEY","88500","JORXEY",,"48.30638109769889,6.236277961475892","48.30638109769889","6.236277961475892"
"88255","JUBAINVILLE","88630","JUBAINVILLE",,"48.45715851442035,5.75079212685957","48.45715851442035","5.75079212685957"
"88256","JUSSARUPT","88640","JUSSARUPT",,"48.15761387571453,6.746995121111674","48.15761387571453","6.746995121111674"
"88257","JUVAINCOURT","88500","JUVAINCOURT",,"48.33282024443922,6.063067120652391","48.33282024443922","6.063067120652391"
"88258","LAMARCHE","88320","LAMARCHE",,"48.061705508149025,5.7727460642602715","48.061705508149025","5.7727460642602715"
"88259","LANDAVILLE","88300","LANDAVILLE",,"48.28405607755522,5.7467307106759336","48.28405607755522","5.7467307106759336"
"88260","LANGLEY","88130","LANGLEY",,"48.36047799369158,6.331923920208469","48.36047799369158","6.331923920208469"
"88261","LAVAL SUR VOLOGNE","88600","LAVAL SUR VOLOGNE",,"48.19528130573852,6.688285795180795","48.19528130573852","6.688285795180795"
"88262","LAVELINE DEVANT BRUYERES","88600","LAVELINE DEVANT BRUYERES",,"48.18661465260929,6.757402547887716","48.18661465260929","6.757402547887716"
"88263","LAVELINE DU HOUX","88640","LAVELINE DU HOUX",,"48.13972001500658,6.70914525302651","48.13972001500658","6.70914525302651"
"88264","LEGEVILLE ET BONFAYS","88270","LEGEVILLE ET BONFAYS",,"48.185727002080824,6.154590589650857","48.185727002080824","6.154590589650857"
"88265","LEMMECOURT","88300","LEMMECOURT",,"48.26351436859994,5.7327984539927455","48.26351436859994","5.7327984539927455"
"88266","LEPANGES SUR VOLOGNE","88600","LEPANGES SUR VOLOGNE",,"48.179979680127374,6.669129356450158","48.179979680127374","6.669129356450158"
"88267","LERRAIN","88260","LERRAIN",,"48.132534349784876,6.1456706904350815","48.132534349784876","6.1456706904350815"
"88268","LESSEUX","88490","LESSEUX",,"48.280695474424135,7.085541253034383","48.280695474424135","7.085541253034383"
"88269","LIEZEY","88400","LIEZEY",,"48.09713298736622,6.804000376048149","48.09713298736622","6.804000376048149"
"88270","LIFFOL LE GRAND","88350","LIFFOL LE GRAND",,"48.31612279227711,5.5728195088612065","48.31612279227711","5.5728195088612065"
"88271","LIGNEVILLE","88800","LIGNEVILLE",,"48.16175660931188,5.951313299380217","48.16175660931188","5.951313299380217"
"88272","LIRONCOURT","88410","LIRONCOURT",,"47.97086307129142,5.880586356021158","47.97086307129142","5.880586356021158"
"88273","LONGCHAMP","88000","LONGCHAMP",,"48.21662123321603,6.52707007497587","48.21662123321603","6.52707007497587"
"88274","LONGCHAMP SOUS CHATENOIS","88170","LONGCHAMP SOUS CHATENOIS",,"48.286751257679164,5.8346286828502425","48.286751257679164","5.8346286828502425"
"88275","LUBINE","88490","LUBINE",,"48.31989630581084,7.167847088853197","48.31989630581084","7.167847088853197"
"88276","LUSSE","88490","LUSSE",,"48.28774519823702,7.12489954415282","48.28774519823702","7.12489954415282"
"88277","LUVIGNY","88110","LUVIGNY",,"48.49841997006551,7.074137453495052","48.49841997006551","7.074137453495052"
"88278","MACONCOURT","88170","MACONCOURT",,"48.3633618002023,5.936364142608213","48.3633618002023","5.936364142608213"
"88279","MADECOURT","88270","MADECOURT",,"48.2403338924946,6.114142074073287","48.2403338924946","6.114142074073287"
"88280","MADEGNEY","88450","MADEGNEY",,"48.28429760099556,6.287476063248114","48.28429760099556","6.287476063248114"
"88281","MADONNE ET LAMEREY","88270","MADONNE ET LAMEREY",,"48.22366578222171,6.245203035891732","48.22366578222171","6.245203035891732"
"88283","MALAINCOURT","88140","MALAINCOURT",,"48.2265304823712,5.767257663919817","48.2265304823712","5.767257663919817"
"88284","MANDRAY","88650","MANDRAY",,"48.21207998534133,7.0008342356697835","48.21207998534133","7.0008342356697835"
"88285","MANDRES SUR VAIR","88800","MANDRES SUR VAIR",,"48.221243127866465,5.886652876188375","48.221243127866465","5.886652876188375"
"88286","MARAINVILLE SUR MADON","88130","MARAINVILLE SUR MADON",,"48.39616080234897,6.16566142283119","48.39616080234897","6.16566142283119"
"88287","MAREY","88320","MAREY",,"48.10506801074864,5.907572708839595","48.10506801074864","5.907572708839595"
"88288","MARONCOURT","88270","MARONCOURT",,"48.24484340162397,6.16344471868492","48.24484340162397","6.16344471868492"
"88289","MARTIGNY LES BAINS","88320","MARTIGNY LES BAINS",,"48.10940777714043,5.807504793196079","48.10940777714043","5.807504793196079"
"88290","MARTIGNY LES GERBONVAUX","88300","MARTIGNY LES GERBONVAUX",,"48.447068997298594,5.792933585833584","48.447068997298594","5.792933585833584"
"88291","MARTINVELLE","88410","MARTINVELLE",,"47.98886030768104,6.016705925058951","47.98886030768104","6.016705925058951"
"88292","MATTAINCOURT","88500","MATTAINCOURT",,"48.27861838802417,6.122232787851418","48.27861838802417","6.122232787851418"
"88293","MAXEY SUR MEUSE","88630","MAXEY SUR MEUSE",,"48.4492083151298,5.716719996981124","48.4492083151298","5.716719996981124"
"88294","MAZELEY","88150","MAZELEY",,"48.25067513201365,6.339194630288921","48.25067513201365","6.339194630288921"
"88295","MAZIROT","88500","MAZIROT",,"48.32195574326816,6.159878002815393","48.32195574326816","6.159878002815393"
"88296","MEDONVILLE","88140","MEDONVILLE",,"48.21506310322853,5.733604330803206","48.21506310322853","5.733604330803206"
"88297","MEMENIL","88600","MEMENIL",,"48.209094976011656,6.616951091104182","48.209094976011656","6.616951091104182"
"88298","MENARMONT","88700","MENARMONT",,"48.41723519722781,6.645622820539257","48.41723519722781","6.645622820539257"
"88299","MENIL EN XAINTOIS","88500","MENIL EN XAINTOIS",,"48.29884692175809,5.972555357548902","48.29884692175809","5.972555357548902"
"88300","MENIL DE SENONES","88210","MENIL DE SENONES",,"48.37397393081681,6.9959848713097665","48.37397393081681","6.9959848713097665"
"88301","MENIL SUR BELVITTE","88700","MENIL SUR BELVITTE",,"48.385642973357044,6.695988870126898","48.385642973357044","6.695988870126898"
"88302","LE MENIL","88160","LE MENIL",,"47.91653261820602,6.820626164964187","47.91653261820602","6.820626164964187"
"88303","MIDREVAUX","88630","MIDREVAUX",,"48.38692373761298,5.582707235671565","48.38692373761298","5.582707235671565"
"88304","MIRECOURT","88500","MIRECOURT",,"48.29364927917702,6.118709390225352","48.29364927917702","6.118709390225352"
"88305","MONCEL SUR VAIR","88630","MONCEL SUR VAIR",,"48.42209604349208,5.704387184172312","48.42209604349208","5.704387184172312"
"88306","LE MONT","88210","LE MONT",,"48.4114058043004,7.024319735264726","48.4114058043004","7.024319735264726"
"88307","MONT LES LAMARCHE","88320","MONT LES LAMARCHE",,"48.022948254105074,5.798407032111368","48.022948254105074","5.798407032111368"
"88308","MONT LES NEUFCHATEAU","88300","MONT LES NEUFCHATEAU",,"48.35131122878829,5.64520022747531","48.35131122878829","5.64520022747531"
"88309","MONTHUREUX LE SEC","88800","MONTHUREUX LE SEC",,"48.16911106508978,6.025421268117232","48.16911106508978","6.025421268117232"
"88310","MONTHUREUX SUR SAONE","88410","MONTHUREUX SUR SAONE",,"48.028934158971566,5.963539607081391","48.028934158971566","5.963539607081391"
"88311","MONTMOTIER","88240","MONTMOTIER",,"47.98146191983328,6.171785447572477","47.98146191983328","6.171785447572477"
"88312","MORELMAISON","88170","MORELMAISON",,"48.32196025992166,5.913172676126759","48.32196025992166","5.913172676126759"
"88313","MORIVILLE","88330","MORIVILLE",,"48.35145972981897,6.413638104763566","48.35145972981897","6.413638104763566"
"88314","MORIZECOURT","88320","MORIZECOURT",,"48.0697067652338,5.858920066372066","48.0697067652338","5.858920066372066"
"88315","MORTAGNE","88600","MORTAGNE",,"48.27349904871471,6.7960920443381365","48.27349904871471","6.7960920443381365"
"88316","MORVILLE","88140","MORVILLE",,"48.234008816253514,5.795050769579525","48.234008816253514","5.795050769579525"
"88317","MOUSSEY","88210","MOUSSEY",,"48.44970588833208,7.059328740738252","48.44970588833208","7.059328740738252"
"88318","MOYEMONT","88700","MOYEMONT",,"48.34380916748956,6.545454936042793","48.34380916748956","6.545454936042793"
"88319","MOYENMOUTIER","88420","MOYENMOUTIER",,"48.38930775215631,6.91458873101712","48.38930775215631","6.91458873101712"
"88320","NAYEMONT LES FOSSES","88100","NAYEMONT LES FOSSES",,"48.2938629551854,7.011488233683435","48.2938629551854","7.011488233683435"
"88321","NEUFCHATEAU","88300","NEUFCHATEAU",,"48.356817557437154,5.702633134700626","48.356817557437154","5.702633134700626"
"88321","NEUFCHATEAU","88300","NEUFCHATEAU","ROLLAINVILLE","48.356817557437154,5.702633134700626","48.356817557437154","5.702633134700626"
"88322","LA NEUVEVILLE DEVANT LEPANGES","88600","LA NEUVEVILLE DEVANT LEPANGES",,"48.15454982137341,6.6617945097525215","48.15454982137341","6.6617945097525215"
"88322","LA NEUVEVILLE DEVANT LEPANGES","88600","LA NEUVEVILLE DEVANT LEPANGES","LE BOULAY","48.15454982137341,6.6617945097525215","48.15454982137341","6.6617945097525215"
"88322","LA NEUVEVILLE DEVANT LEPANGES","88600","LA NEUVEVILLE DEVANT LEPANGES","ST JEAN DU MARCHE","48.15454982137341,6.6617945097525215","48.15454982137341","6.6617945097525215"
"88324","LA NEUVEVILLE SOUS CHATENOIS","88170","LA NEUVEVILLE SOUS CHATENOIS",,"48.28618262583326,5.874043168848656","48.28618262583326","5.874043168848656"
"88325","LA NEUVEVILLE SOUS MONTFORT","88800","LA NEUVEVILLE SOUS MONTFORT",,"48.229983365981084,6.0195560374409025","48.229983365981084","6.0195560374409025"
"88326","NEUVILLERS SUR FAVE","88100","NEUVILLERS SUR FAVE",,"48.28542282428715,7.035116212086345","48.28542282428715","7.035116212086345"
"88327","NOMEXY","88440","NOMEXY",,"48.30730757753851,6.371334646624158","48.30730757753851","6.371334646624158"
"88328","NOMPATELIZE","88470","NOMPATELIZE",,"48.32738441089131,6.86076156703547","48.32738441089131","6.86076156703547"
"88330","NONVILLE","88260","NONVILLE",,"48.09076970892639,5.982967823553314","48.09076970892639","5.982967823553314"
"88331","NONZEVILLE","88600","NONZEVILLE",,"48.26624704474979,6.631254886885496","48.26624704474979","6.631254886885496"
"88332","NORROY","88800","NORROY",,"48.21533086382394,5.919003154689548","48.21533086382394","5.919003154689548"
"88333","NOSSONCOURT","88700","NOSSONCOURT",,"48.39998395483478,6.675887018470486","48.39998395483478","6.675887018470486"
"88334","OELLEVILLE","88500","OELLEVILLE",,"48.336258887446974,6.020341722780663","48.336258887446974","6.020341722780663"
"88335","OFFROICOURT","88500","OFFROICOURT",,"48.281421004670875,6.029567532410168","48.281421004670875","6.029567532410168"
"88336","OLLAINVILLE","88170","OLLAINVILLE",,"48.270061375245234,5.802571822586944","48.270061375245234","5.802571822586944"
"88338","ORTONCOURT","88700","ORTONCOURT",,"48.36873138877347,6.51103575754005","48.36873138877347","6.51103575754005"
"88340","PADOUX","88700","PADOUX",,"48.291874975242195,6.56626238235974","48.291874975242195","6.56626238235974"
"88341","PAIR ET GRANDRUPT","88100","PAIR ET GRANDRUPT",,"48.28235988036863,7.010669109015879","48.28235988036863","7.010669109015879"
"88342","PALLEGNEY","88330","PALLEGNEY",,"48.28880009656595,6.44791570236481","48.28880009656595","6.44791570236481"
"88343","PAREY SOUS MONTFORT","88800","PAREY SOUS MONTFORT",,"48.25123730709795,5.946290682372073","48.25123730709795","5.946290682372073"
"88344","PARGNY SOUS MUREAU","88350","PARGNY SOUS MUREAU",,"48.363784974814976,5.5900504895986565","48.363784974814976","5.5900504895986565"
"88345","LA PETITE FOSSE","88490","LA PETITE FOSSE",,"48.3183864697954,7.052584854832434","48.3183864697954","7.052584854832434"
"88346","LA PETITE RAON","88210","LA PETITE RAON",,"48.4204638743535,6.993951218097658","48.4204638743535","6.993951218097658"
"88347","PIERREFITTE","88270","PIERREFITTE",,"48.163302278084046,6.17382334283135","48.163302278084046","6.17382334283135"
"88348","PIERREPONT SUR L ARENTELE","88600","PIERREPONT SUR L ARENTELE",,"48.26281979753031,6.658125755280602","48.26281979753031","6.658125755280602"
"88349","PLAINFAING","88230","PLAINFAING",,"48.1430317185817,7.040671119864552","48.1430317185817","7.040671119864552"
"88350","PLEUVEZAIN","88170","PLEUVEZAIN",,"48.37717197637696,5.915265230914788","48.37717197637696","5.915265230914788"
"88351","PLOMBIERES LES BAINS","88370","PLOMBIERES LES BAINS",,"47.968597527201716,6.4433536247347885","47.968597527201716","6.4433536247347885"
"88351","PLOMBIERES LES BAINS","88370","PLOMBIERES LES BAINS","GRANGES DE PLOMBIERES","47.968597527201716,6.4433536247347885","47.968597527201716","6.4433536247347885"
"88351","PLOMBIERES LES BAINS","88370","PLOMBIERES LES BAINS","RUAUX","47.968597527201716,6.4433536247347885","47.968597527201716","6.4433536247347885"
"88352","POMPIERRE","88300","POMPIERRE",,"48.27821738214092,5.676651860324093","48.27821738214092","5.676651860324093"
"88353","PONT LES BONFAYS","88260","PONT LES BONFAYS",,"48.167486432797716,6.141146319003989","48.167486432797716","6.141146319003989"
"88354","PONT SUR MADON","88500","PONT SUR MADON",,"48.36995536653632,6.151487309509989","48.36995536653632","6.151487309509989"
"88355","PORTIEUX","88330","PORTIEUX",,"48.34465160712682,6.360057553774116","48.34465160712682","6.360057553774116"
"88356","LES POULIERES","88600","LES POULIERES",,"48.20361474875079,6.786021993578256","48.20361474875079","6.786021993578256"
"88357","POUSSAY","88500","POUSSAY",,"48.32372323653978,6.119393861977851","48.32372323653978","6.119393861977851"
"88358","POUXEUX","88550","POUXEUX",,"48.09489618205683,6.570450678903541","48.09489618205683","6.570450678903541"
"88359","PREY","88600","PREY",,"48.176853738190076,6.688842974338572","48.176853738190076","6.688842974338572"
"88360","PROVENCHERES LES DARNEY","88260","PROVENCHERES LES DARNEY",,"48.12163159707196,5.9633459919968494","48.12163159707196","5.9633459919968494"
"88361","PROVENCHERES ET COLROY","88490","PROVENCHERES ET COLROY","COLROY LA GRANDE","48.32120056898918,7.098397443644666","48.32120056898918","7.098397443644666"
"88361","PROVENCHERES ET COLROY","88490","PROVENCHERES ET COLROY","PROVENCHERES SUR FAVE","48.32120056898918,7.098397443644666","48.32120056898918","7.098397443644666"
"88362","LE PUID","88210","LE PUID",,"48.39073140578213,7.044068477173813","48.39073140578213","7.044068477173813"
"88363","PUNEROT","88630","PUNEROT",,"48.476731157293145,5.814003644418472","48.476731157293145","5.814003644418472"
"88364","PUZIEUX","88500","PUZIEUX",,"48.33524038716346,6.10119603412128","48.33524038716346","6.10119603412128"
"88365","RACECOURT","88270","RACECOURT",,"48.25617305715804,6.197359759133885","48.25617305715804","6.197359759133885"
"88366","RAINVILLE","88170","RAINVILLE",,"48.35718930351107,5.887364763115067","48.35718930351107","5.887364763115067"
"88367","RAMBERVILLERS","88700","RAMBERVILLERS",,"48.345697247518856,6.63124930870027","48.345697247518856","6.63124930870027"
"88368","RAMECOURT","88500","RAMECOURT",,"48.30761899948301,6.0987125181736115","48.30761899948301","6.0987125181736115"
"88369","RAMONCHAMP","88160","RAMONCHAMP",,"47.8956645676983,6.740736931501596","47.8956645676983","6.740736931501596"
"88370","RANCOURT","88270","RANCOURT",,"48.218455231786784,6.11014776955775","48.218455231786784","6.11014776955775"
"88371","RAON AUX BOIS","88220","RAON AUX BOIS",,"48.059459255221576,6.506042876643022","48.059459255221576","6.506042876643022"
"88372","RAON L'ETAPE","88110","RAON L'ETAPE",,"48.40385084667169,6.867865093055885","48.40385084667169","6.867865093055885"
"88372","RAON L'ETAPE","88110","RAON L'ETAPE","LA TROUCHE","48.40385084667169,6.867865093055885","48.40385084667169","6.867865093055885"
"88373","RAON SUR PLAINE","88110","RAON SUR PLAINE",,"48.505516416578175,7.106730674464824","48.505516416578175","7.106730674464824"
"88374","RAPEY","88130","RAPEY",,"48.317208774095576,6.253199265764453","48.317208774095576","6.253199265764453"
"88375","RAVES","88520","RAVES",,"48.259349979262964,7.043557497691783","48.259349979262964","7.043557497691783"
"88376","REBEUVILLE","88300","REBEUVILLE",,"48.3367264421165,5.7219658679454195","48.3367264421165","5.7219658679454195"
"88377","REGNEVELLE","88410","REGNEVELLE",,"47.985886030644174,5.970947345349497","47.985886030644174","5.970947345349497"
"88378","REGNEY","88450","REGNEY",,"48.28250785343738,6.310468641243013","48.28250785343738","6.310468641243013"
"88379","REHAINCOURT","88330","REHAINCOURT",,"48.35910509618003,6.462760614197647","48.35910509618003","6.462760614197647"
"88380","REHAUPAL","88640","REHAUPAL",,"48.114888731543715,6.741344057963435","48.114888731543715","6.741344057963435"
"88381","RELANGES","88260","RELANGES",,"48.11050588892401,6.018396180069906","48.11050588892401","6.018396180069906"
"88382","REMICOURT","88500","REMICOURT",,"48.28407536005895,6.065043880418916","48.28407536005895","6.065043880418916"
"88383","REMIREMONT","88200","REMIREMONT",,"48.00374250174485,6.580984397059859","48.00374250174485","6.580984397059859"
"88385","REMONCOURT","88800","REMONCOURT",,"48.22331351367444,6.0566239694782364","48.22331351367444","6.0566239694782364"
"88386","REMOMEIX","88100","REMOMEIX",,"48.26393057536784,7.010521381501224","48.26393057536784","7.010521381501224"
"88387","REMOVILLE","88170","REMOVILLE",,"48.36843837059887,5.845684275224963","48.36843837059887","5.845684275224963"
"88388","RENAUVOID","88390","RENAUVOID",,"48.141928073908744,6.383244086624727","48.141928073908744","6.383244086624727"
"88389","REPEL","88500","REPEL",,"48.34504943130874,5.98065862261576","48.34504943130874","5.98065862261576"
"88390","ROBECOURT","88320","ROBECOURT",,"48.13732423859912,5.710738117025532","48.13732423859912","5.710738117025532"
"88391","ROCHESSON","88120","ROCHESSON",,"48.01933306206908,6.822573260254532","48.01933306206908","6.822573260254532"
"88394","ROMAIN AUX BOIS","88320","ROMAIN AUX BOIS",,"48.077020909510864,5.71450715738537","48.077020909510864","5.71450715738537"
"88395","ROMONT","88700","ROMONT",,"48.34697750142387,6.580355090459957","48.34697750142387","6.580355090459957"
"88398","LES ROUGES EAUX","88600","LES ROUGES EAUX",,"48.26373392685099,6.8139322559397275","48.26373392685099","6.8139322559397275"
"88399","LE ROULIER","88460","LE ROULIER",,"48.17472574721886,6.615875908378496","48.17472574721886","6.615875908378496"
"88400","ROUVRES EN XAINTOIS","88500","ROUVRES EN XAINTOIS",,"48.29990614181369,6.018197926740267","48.29990614181369","6.018197926740267"
"88401","ROUVRES LA CHETIVE","88170","ROUVRES LA CHETIVE",,"48.30481409268712,5.778298802810848","48.30481409268712","5.778298802810848"
"88402","ROVILLE AUX CHENES","88700","ROVILLE AUX CHENES",,"48.382699926634814,6.613069997556504","48.382699926634814","6.613069997556504"
"88403","ROZEROTTE","88500","ROZEROTTE",,"48.240858757714804,6.085451478771162","48.240858757714804","6.085451478771162"
"88404","ROZIERES SUR MOUZON","88320","ROZIERES SUR MOUZON",,"48.11479463516294,5.724823930203893","48.11479463516294","5.724823930203893"
"88406","RUGNEY","88130","RUGNEY",,"48.34517315412809,6.249904567146186","48.34517315412809","6.249904567146186"
"88407","RUPPES","88630","RUPPES",,"48.46421801362668,5.770445867381892","48.46421801362668","5.770445867381892"
"88408","RUPT SUR MOSELLE","88360","RUPT SUR MOSELLE",,"47.928674518513446,6.665742426927959","47.928674518513446","6.665742426927959"
"88409","ST AMÉ","88120","ST AMÉ",,"48.02347758918562,6.652563499396779","48.02347758918562","6.652563499396779"
"88410","STE BARBE","88700","STE BARBE",,"48.39601220621749,6.7548311934429135","48.39601220621749","6.7548311934429135"
"88411","ST BASLEMONT","88260","ST BASLEMONT",,"48.14166610983294,5.994049475173709","48.14166610983294","5.994049475173709"
"88412","ST BENOIT LA CHIPOTTE","88700","ST BENOIT LA CHIPOTTE",,"48.35495921202589,6.748892695616213","48.35495921202589","6.748892695616213"
"88413","ST DIE DES VOSGES","88100","ST DIE DES VOSGES",,"48.29725097921539,6.938624175129491","48.29725097921539","6.938624175129491"
"88413","ST DIE DES VOSGES","88100","ST DIE DES VOSGES","MARZELAY","48.309069,6.930863","48.309069","6.930863"
"88413","ST DIE DES VOSGES","88100","ST DIE DES VOSGES","ROBACHE","48.309221,6.958389","48.309221","6.958389"
"88413","ST DIE DES VOSGES","88100","ST DIE DES VOSGES","DIJON","48.292334,6.976515","48.292334","6.976515"
"88413","ST DIE DES VOSGES","88100","ST DIE DES VOSGES","FOUCHARUPT","48.270225,6.949594","48.270225","6.949594"
"88413","ST DIE DES VOSGES","88100","ST DIE DES VOSGES","GRATIN","48.285995,6.973908","48.285995","6.973908"
"88415","ST ETIENNE LES REMIREMONT","88200","ST ETIENNE LES REMIREMONT",,"48.0305663485689,6.631061140269161","48.0305663485689","6.631061140269161"
"88416","ST GENEST","88700","ST GENEST",,"48.345567267063664,6.510025732539427","48.345567267063664","6.510025732539427"
"88417","ST GORGON","88700","ST GORGON",,"48.32183250875701,6.654874109880827","48.32183250875701","6.654874109880827"
"88418","STE HELENE","88700","STE HELENE",,"48.29473960223565,6.663774950103727","48.29473960223565","6.663774950103727"
"88419","ST JEAN D ORMONT","88210","ST JEAN D ORMONT",,"48.33116677837401,6.989455366462555","48.33116677837401","6.989455366462555"
"88421","ST JULIEN","88410","ST JULIEN",,"48.020177317648574,5.908236782804131","48.020177317648574","5.908236782804131"
"88423","ST LÉONARD","88650","ST LÉONARD",,"48.21440790717102,6.920300898199743","48.21440790717102","6.920300898199743"
"88424","STE MARGUERITE","88100","STE MARGUERITE",,"48.26863527989839,6.969383522632237","48.26863527989839","6.969383522632237"
"88425","ST MAURICE SUR MORTAGNE","88700","ST MAURICE SUR MORTAGNE",,"48.390437129057844,6.571954223781965","48.390437129057844","6.571954223781965"
"88426","ST MAURICE SUR MOSELLE","88560","ST MAURICE SUR MOSELLE",,"47.84398994738061,6.854280169043701","47.84398994738061","6.854280169043701"
"88427","ST MENGE","88170","ST MENGE",,"48.28825675535181,5.952795568723904","48.28825675535181","5.952795568723904"
"88428","ST MICHEL SUR MEURTHE","88470","ST MICHEL SUR MEURTHE",,"48.313163418807065,6.876777981447764","48.313163418807065","6.876777981447764"
"88429","ST NABORD","88200","ST NABORD",,"48.04225589076354,6.5608028243818985","48.04225589076354","6.5608028243818985"
"88430","ST OUEN LES PAREY","88140","ST OUEN LES PAREY",,"48.16808142462003,5.775209566833766","48.16808142462003","5.775209566833766"
"88431","ST PAUL","88170","ST PAUL",,"48.331735083014635,5.888003214406446","48.331735083014635","5.888003214406446"
"88432","ST PIERREMONT","88700","ST PIERREMONT",,"48.439760485978496,6.581332259007544","48.439760485978496","6.581332259007544"
"88433","ST PRANCHER","88500","ST PRANCHER",,"48.345067428095916,5.946762282979913","48.345067428095916","5.946762282979913"
"88434","ST REMIMONT","88800","ST REMIMONT",,"48.24131291905458,5.912306291206418","48.24131291905458","5.912306291206418"
"88435","ST REMY","88480","ST REMY",,"48.344104554214105,6.814581525449089","48.344104554214105","6.814581525449089"
"88436","ST STAIL","88210","ST STAIL",,"48.37719704805361,7.0860447613150965","48.37719704805361","7.0860447613150965"
"88437","ST VALLIER","88270","ST VALLIER",,"48.27961424945288,6.3198246136137195","48.27961424945288","6.3198246136137195"
"88438","LA SALLE","88470","LA SALLE",,"48.32412755798886,6.80991487282877","48.32412755798886","6.80991487282877"
"88439","SANCHEY","88390","SANCHEY",,"48.16760382110746,6.371011247911999","48.16760382110746","6.371011247911999"
"88440","SANDAUCOURT","88170","SANDAUCOURT",,"48.260915676445144,5.84595951011352","48.260915676445144","5.84595951011352"
"88441","SANS VALLOIS","88260","SANS VALLOIS",,"48.1577901081198,6.101781076271752","48.1577901081198","6.101781076271752"
"88442","SAPOIS","88120","SAPOIS",,"48.0341292452389,6.787612801331441","48.0341292452389","6.787612801331441"
"88443","SARTES","88300","SARTES",,"48.242389115247505,5.665202473727216","48.242389115247505","5.665202473727216"
"88444","LE SAULCY","88210","LE SAULCY",,"48.42303633819064,7.0700196367904455","48.42303633819064","7.0700196367904455"
"88445","SAULCY SUR MEURTHE","88580","SAULCY SUR MEURTHE",,"48.242584400729285,6.946182130903718","48.242584400729285","6.946182130903718"
"88446","SAULXURES LES BULGNEVILLE","88140","SAULXURES LES BULGNEVILLE",,"48.190072004095974,5.815164723281006","48.190072004095974","5.815164723281006"
"88447","SAULXURES SUR MOSELOTTE","88290","SAULXURES SUR MOSELOTTE",,"47.95194416751556,6.768716752511226","47.95194416751556","6.768716752511226"
"88448","SAUVILLE","88140","SAUVILLE",,"48.14734573842138,5.741547569265645","48.14734573842138","5.741547569265645"
"88449","SAVIGNY","88130","SAVIGNY",,"48.35455136918656,6.219505901880329","48.35455136918656","6.219505901880329"
"88450","SENAIDE","88320","SENAIDE",,"47.970824068864516,5.809473778749503","47.970824068864516","5.809473778749503"
"88451","SENONES","88210","SENONES",,"48.40363043237515,6.960901624197501","48.40363043237515","6.960901624197501"
"88452","SENONGES","88260","SENONGES",,"48.143296935442805,6.054824303585927","48.143296935442805","6.054824303585927"
"88453","SERAUMONT","88630","SERAUMONT",,"48.43215848180312,5.60746510457143","48.43215848180312","5.60746510457143"
"88454","SERCOEUR","88600","SERCOEUR",,"48.25999057679455,6.534652822903183","48.25999057679455","6.534652822903183"
"88455","SERECOURT","88320","SERECOURT",,"48.05292551359382,5.848382615012858","48.05292551359382","5.848382615012858"
"88456","SEROCOURT","88320","SEROCOURT",,"48.09734141683282,5.895104254342579","48.09734141683282","5.895104254342579"
"88457","SIONNE","88630","SIONNE",,"48.39495567670718,5.635518807005925","48.39495567670718","5.635518807005925"
"88458","SOCOURT","88130","SOCOURT",,"48.39665926997101,6.249870243268784","48.39665926997101","6.249870243268784"
"88459","SONCOURT","88170","SONCOURT",,"48.38749550731203,5.909277666283673","48.38749550731203","5.909277666283673"
"88460","SOULOSSE SOUS ST ELOPHE","88630","SOULOSSE SOUS ST ELOPHE",,"48.41089741705878,5.743984897091819","48.41089741705878","5.743984897091819"
"88461","SURIAUVILLE","88140","SURIAUVILLE",,"48.16802340481546,5.8649474303512195","48.16802340481546","5.8649474303512195"
"88462","LE SYNDICAT","88120","LE SYNDICAT",,"48.02730694891566,6.695049974451747","48.02730694891566","6.695049974451747"
"88462","LE SYNDICAT","88120","LE SYNDICAT","JULIENRUPT","48.02730694891566,6.695049974451747","48.02730694891566","6.695049974451747"
"88463","TAINTRUX","88100","TAINTRUX",,"48.25055642605005,6.880132736686434","48.25055642605005","6.880132736686434"
"88464","TENDON","88460","TENDON",,"48.10665310079051,6.675353547579626","48.10665310079051","6.675353547579626"
"88465","THAON LES VOSGES","88150","THAON LES VOSGES",,"48.24983341551048,6.424387715999609","48.24983341551048","6.424387715999609"
"88465","THAON LES VOSGES","88150","THAON LES VOSGES","GIRMONT","48.24983341551048,6.424387715999609","48.24983341551048","6.424387715999609"
"88465","THAON LES VOSGES","88150","THAON LES VOSGES","ONCOURT","48.24983341551048,6.424387715999609","48.24983341551048","6.424387715999609"
"88466","THEY SOUS MONTFORT","88800","THEY SOUS MONTFORT",,"48.22966854192609,5.970778058456283","48.22966854192609","5.970778058456283"
"88467","THIEFOSSE","88290","THIEFOSSE",,"47.96419463591864,6.735300063786975","47.96419463591864","6.735300063786975"
"88468","LE THILLOT","88160","LE THILLOT",,"47.88285242049318,6.778167750809765","47.88285242049318","6.778167750809765"
"88469","THIRAUCOURT","88500","THIRAUCOURT",,"48.29165869271956,6.074149002370522","48.29165869271956","6.074149002370522"
"88470","LE THOLY","88530","LE THOLY",,"48.0861826072578,6.737286588844496","48.0861826072578","6.737286588844496"
"88470","LE THOLY","88530","LE THOLY","BOUVACOTE","48.0861826072578,6.737286588844496","48.0861826072578","6.737286588844496"
"88471","LES THONS","88410","LES THONS",,"47.98674014104445,5.874926296527251","47.98674014104445","5.874926296527251"
"88472","THUILLIERES","88260","THUILLIERES",,"48.15141249172984,6.012186088099071","48.15141249172984","6.012186088099071"
"88473","TIGNECOURT","88320","TIGNECOURT",,"48.044677306755084,5.890940223941099","48.044677306755084","5.890940223941099"
"88474","TILLEUX","88300","TILLEUX",,"48.30002323255388,5.7343656001369","48.30002323255388","5.7343656001369"
"88475","TOLLAINCOURT","88320","TOLLAINCOURT",,"48.0941201959691,5.723255670183894","48.0941201959691","5.723255670183894"
"88475","TOLLAINCOURT","88320","TOLLAINCOURT","ROCOURT","48.0941201959691,5.723255670183894","48.0941201959691","5.723255670183894"
"88476","TOTAINVILLE","88500","TOTAINVILLE",,"48.3262380419135,5.985488972082102","48.3262380419135","5.985488972082102"
"88477","TRAMPOT","88350","TRAMPOT",,"48.35572435969097,5.445750654978156","48.35572435969097","5.445750654978156"
"88478","TRANQUEVILLE GRAUX","88300","TRANQUEVILLE GRAUX",,"48.43969345219173,5.846107482486117","48.43969345219173","5.846107482486117"
"88479","TREMONZEY","88240","TREMONZEY",,"47.96164816279064,6.24668752656485","47.96164816279064","6.24668752656485"
"88480","UBEXY","88130","UBEXY",,"48.33933195439277,6.281719780306013","48.33933195439277","6.281719780306013"
"88481","URIMENIL","88220","URIMENIL",,"48.10266185321943,6.397841170605066","48.10266185321943","6.397841170605066"
"88482","URVILLE","88140","URVILLE",,"48.18951522547562,5.7475021904049335","48.18951522547562","5.7475021904049335"
"88483","UXEGNEY","88390","UXEGNEY",,"48.19543126305753,6.384439496890309","48.19543126305753","6.384439496890309"
"88484","UZEMAIN","88220","UZEMAIN",,"48.103889723560876,6.344368960774172","48.103889723560876","6.344368960774172"
"88485","LA VACHERESSE ET LA ROUILLIE","88140","LA VACHERESSE ET LA ROUILLIE",,"48.146871570512026,5.795242130368963","48.146871570512026","5.795242130368963"
"88486","VAGNEY","88120","VAGNEY",,"48.01351064798631,6.726979119801747","48.01351064798631","6.726979119801747"
"88487","LE VAL D'AJOL","88340","LE VAL D'AJOL",,"47.93870523922292,6.5128160423370725","47.93870523922292","6.5128160423370725"
"88488","VALFROICOURT","88270","VALFROICOURT",,"48.19764059594199,6.086311797849229","48.19764059594199","6.086311797849229"
"88489","VALLEROY AUX SAULES","88270","VALLEROY AUX SAULES",,"48.24327318684888,6.13922239004906","48.24327318684888","6.13922239004906"
"88490","VALLEROY LE SEC","88800","VALLEROY LE SEC",,"48.184444564780435,6.002661706333962","48.184444564780435","6.002661706333962"
"88491","LES VALLOIS","88260","LES VALLOIS",,"48.15852306976651,6.122802512078933","48.15852306976651","6.122802512078933"
"88492","LE VALTIN","88230","LE VALTIN",,"48.0848200043888,7.034685905601875","48.0848200043888","7.034685905601875"
"88493","VARMONZEY","88450","VARMONZEY",,"48.32395887903487,6.2772912513978","48.32395887903487","6.2772912513978"
"88494","VAUBEXY","88500","VAUBEXY",,"48.284426089562174,6.239463415606428","48.284426089562174","6.239463415606428"
"88495","VAUDEVILLE","88000","VAUDEVILLE",,"48.228350560724586,6.538729440379578","48.228350560724586","6.538729440379578"
"88496","VAUDONCOURT","88140","VAUDONCOURT",,"48.22234888099648,5.8034618762394405","48.22234888099648","5.8034618762394405"
"88497","VAXONCOURT","88330","VAXONCOURT",,"48.28857221905706,6.42202837043774","48.28857221905706","6.42202837043774"
"88498","VECOUX","88200","VECOUX",,"47.9702376481222,6.663491456532636","47.9702376481222","6.663491456532636"
"88499","VELOTTE ET TATIGNECOURT","88270","VELOTTE ET TATIGNECOURT",,"48.25478794091161,6.170452258577738","48.25478794091161","6.170452258577738"
"88500","VENTRON","88310","VENTRON",,"47.937512074529494,6.88210899525339","47.937512074529494","6.88210899525339"
"88501","LE VERMONT","88210","LE VERMONT",,"48.38842742273761,7.067173713777408","48.38842742273761","7.067173713777408"
"88502","VERVEZELLE","88600","VERVEZELLE",,"48.22162673758575,6.741302087837257","48.22162673758575","6.741302087837257"
"88503","VEXAINCOURT","88110","VEXAINCOURT",,"48.47936116938753,7.073960319834086","48.47936116938753","7.073960319834086"
"88504","VICHEREY","88170","VICHEREY",,"48.381746462083186,5.933065996365864","48.381746462083186","5.933065996365864"
"88505","VIENVILLE","88430","VIENVILLE",,"48.17618689227778,6.843610924414374","48.17618689227778","6.843610924414374"
"88506","VIEUX MOULIN","88210","VIEUX MOULIN",,"48.39275518942453,7.0053813979405675","48.39275518942453","7.0053813979405675"
"88507","VILLERS","88500","VILLERS",,"48.305011947316835,6.17306172344743","48.305011947316835","6.17306172344743"
"88508","VILLE SUR ILLON","88270","VILLE SUR ILLON",,"48.166746941144915,6.216632897048102","48.166746941144915","6.216632897048102"
"88509","VILLONCOURT","88150","VILLONCOURT",,"48.27112371237584,6.515141293084747","48.27112371237584","6.515141293084747"
"88510","VILLOTTE","88320","VILLOTTE",,"48.10620655510105,5.766603276665345","48.10620655510105","5.766603276665345"
"88511","VILLOUXEL","88350","VILLOUXEL",,"48.347742755407374,5.579715035606034","48.347742755407374","5.579715035606034"
"88512","VIMENIL","88600","VIMENIL",,"48.21729631896015,6.637927047369219","48.21729631896015","6.637927047369219"
"88513","VINCEY","88450","VINCEY",,"48.33246318911248,6.331406452782678","48.33246318911248","6.331406452782678"
"88514","VIOCOURT","88170","VIOCOURT",,"48.32424759917918,5.872387426021191","48.32424759917918","5.872387426021191"
"88515","VIOMENIL","88260","VIOMENIL",,"48.08943332251212,6.1624961648371555","48.08943332251212","6.1624961648371555"
"88516","VITTEL","88800","VITTEL",,"48.20623736336884,5.955209765046078","48.20623736336884","5.955209765046078"
"88517","VIVIERS LE GRAS","88260","VIVIERS LE GRAS",,"48.12146234015146,5.931041919629939","48.12146234015146","5.931041919629939"
"88518","VIVIERS LES OFFROICOURT","88500","VIVIERS LES OFFROICOURT",,"48.269292513493674,6.016985709786622","48.269292513493674","6.016985709786622"
"88519","LA VOIVRE","88470","LA VOIVRE",,"48.34355401043366,6.900582142264585","48.34355401043366","6.900582142264585"
"88519","LA VOIVRE","88470","LA VOIVRE","LA HOLLANDE","48.343756,6.900339","48.343756","6.900339"
"88520","LES VOIVRES","88240","LES VOIVRES",,"48.03120498677687,6.293077068156562","48.03120498677687","6.293077068156562"
"88521","VOMECOURT","88700","VOMECOURT",,"48.3143644318496,6.612783144423259","48.3143644318496","6.612783144423259"
"88522","VOMECOURT SUR MADON","88500","VOMECOURT SUR MADON",,"48.36207405460584,6.170360298180253","48.36207405460584","6.170360298180253"
"88523","VOUXEY","88170","VOUXEY",,"48.345532864249165,5.795084786522532","48.345532864249165","5.795084786522532"
"88523","VOUXEY","88170","VOUXEY","IMBRECOURT","48.345532864249165,5.795084786522532","48.345532864249165","5.795084786522532"
"88524","VRECOURT","88140","VRECOURT",,"48.167874882010594,5.706184870536934","48.167874882010594","5.706184870536934"
"88525","VROVILLE","88500","VROVILLE",,"48.291897383977876,6.17349435792725","48.291897383977876","6.17349435792725"
"88526","WISEMBACH","88520","WISEMBACH",,"48.25876745693818,7.115441706505969","48.25876745693818","7.115441706505969"
"88527","XAFFEVILLERS","88700","XAFFEVILLERS",,"48.4103799319529,6.610975101457928","48.4103799319529","6.610975101457928"
"88528","XAMONTARUPT","88460","XAMONTARUPT",,"48.124108659040985,6.641382651269232","48.124108659040985","6.641382651269232"
"88529","XARONVAL","88130","XARONVAL",,"48.372046055792765,6.185793588925119","48.372046055792765","6.185793588925119"
"88530","XERTIGNY","88220","XERTIGNY",,"48.03177360966808,6.369006712407511","48.03177360966808","6.369006712407511"
"88530","XERTIGNY","88220","XERTIGNY","AMEREY","48.03177360966808,6.369006712407511","48.03177360966808","6.369006712407511"
"88531","XONRUPT LONGEMER","88400","XONRUPT LONGEMER",,"48.072631154222215,6.9566443265020546","48.072631154222215","6.9566443265020546"
"88532","ZINCOURT","88330","ZINCOURT",,"48.309219658733475,6.444123417192887","48.309219658733475","6.444123417192887"
