question_id,question,reponse,autres
1,Quel est l’auteur du livre à l’origine de Total Recall (1990) ?,Philip K Dick,'["Arthur C. Clarke", "Isaac Asimov", "K. W. Jeter"]'
2,Quel est l’auteur du livre à l’origine de Blade Runner (1982) ?,Philip K Dick,'["Ray Bradbury", "Frank Herbert", "Aldous Huxley"]'
3,Quel est l’auteur du livre à l’origine de Minority Report (2002) ?,Philip K Dick,'["George Orwell", "Michael Crichton", "Robert A. Heinlein"]'
4,Quel est l’auteur du livre à l’origine de L’Agence (2011) ?,Philip K Dick,'["Stephen King", "Dan Brown", "John Grisham"]'
5,Quel est l’auteur du livre à l’origine de Confessions d’un Barjo (1992) ?,Philip K Dick,'["Boris Vian", "Charles Bukowski", "Jack Kerouac"]'
6,Quel est l’auteur du livre à l’origine de Planète hurlante (1995) ?,Philip K Dick,'["H.G. Wells", "Ray Bradbury", "Isaac Asimov"]'
7,'Quel est le nom du voisin de Charley Brewster dans le film Vampire, vous avez dit vampire ?',Jerry Dandrige,'["David Vincent", "Max Schreck", "Ed Thompson"]'
8,'Dans Dracula, où est interné le personnage de Renfield ?',L’asile du Dr. Seward,'["L’asile d’Arkham", "L’asile de Carfax", "L’asile du Dr Clemens"]'
9,'Dans Låt den rätte komma in, comment Eli communique-t-il avec Oskar ?',par code morse sur le mur,'["par télépathie", "sur le givre de la fenêtre", "des mots glissés sous la porte"]'
10,'Quelle ville envahie par des vampires est issue d’un roman de Stephen King adapté plusieurs fois à l’écran ?',Salem,'["Simetierre", "Mystic Falls", "Forks"]'
11,Dans quel film Will Smith incarne-t-il le dernier homme vivant dans un monde envahi par des vampires ?,Je suis une légende,'["Blade", "Hancock", "28 jours plus tard"]'
12,Quelle nouvelle de vampire d’Alexis Tolstoï a été adaptée au cinéma par Adrien Beau en 2023 ?,Le Vourdalak,'["Carmilla", "Ælita", "Prince Serebrenni"]'
13,'Dans Le Bal des Vampires, comment le professeur Abronsius et Alfred tentent-ils d’échapper aux vampires',En se déguisant en vampires,'["En se cachant dans des cerceuils", "En se déguisant en moines", "En se cachant dans des paniers"]'
14,'Dans le film Entretien avec un vampire, le journaliste qui interviewe Louis est interprété par :',Christian Slater,'["Keanu Reeves", "River Phoenix", "Johnny Depp"]'
15,Quel acteur interprète le capitaine Frank Ramsey dans le film USS Alabama (Crimson Tide) ?,Gene Hackman,'["Harrison Ford", "Sean Connery", "Kevin Costner"]'
16,'Dans quel film Sean Connery incarne-t-il le commandant du sous-marin soviétique porteur de l''arme nucléaire ?',À la poursuite d’Octobre Rouge,'["Kursk", "K-19 : The Widowmaker", "72 mètres"]'
17,'Comment s'appelle le sous marin dans le film adapté de l'oeuvre de Jules Vernes 20 000 lieus sous les mers',Nautilus,'["Octopus", "Steam-House", "Nemo"]'
18,'Quel film met en scène un contact avec une intelligence extraterrestre vivant dans les profondeurs océaniques ?',Abyss,'["Contact", "Sphere", "Underwater"]'
19,'Quel film suit l’équipage d’un sous-marin allemand durant la Seconde Guerre mondiale dans un huis clos oppressant ?',Das Boot,'["La dernière torpille", "U-235", "U-571"]'
20,'Dans Les Goonies (1985), à quel pirate légendaire appartient le trésor recherché par les enfants ?',Willy le Borgne,'["Jack Jambe de Bois", "Capitaine Crochet", "Bill l’Édenté"]'
21,'Dans Indiana Jones et la Dernière Croisade (1989), quel trésor cherchent les Jones ?',Le Graal,'["La pierre philosophale", "Des perles en Orichalque", "Excalibur"]'
22,'En 1985, quel trésor Richard Chamberlain alias Allan Quatermain recherche-t-il',Les mines du roi Salomon,'["Le diamant du Nil", "L’or de Thulamela", "La couronne de la reine de Saba"]'
23,'Dans Le Ruffian (1983), quel trésor Aldo tente-t-il de retrouver dans le Grand Nord canadien',Un chargement de pépites d’or,'["Des lingots de platine", "Un sac contenant 10 millions de dollars", "Une améthyste au pouvoir surnaturel"]'
24,Dans quel Western les personnages partent-ils à la recherche d’une cache d’or enterrée dans un cimetière pendant la guerre de Sécession ?,'Le Bon, la Brute et le Truand','["Le trésor du pendu", "Tombstone", "Le trésor de Pancho Villa"]'
25,Quelle est la planète sur laquelle les humains découvre pour la première fois les œufs des créatures ?,LV-426,'["Oberon", "Zeta Reticuli IV", "EM 474"]'
26,Comment s’appelle l’ordinateur de bord du vaisseau spatial dans le film Alien (1979) ?,MU/TH/UR (Maman),'["HAL 9000", "WOPR", "Samantha"]'
27,Quel est le nom du vaisseau spatial dans lequel se déroule le film Alien (1979) ?,Nostromo,'["Sulaco", "Enterprise", "Odysseus"]'
28,'À quelle compagnie appartient le station dans le film Aliens (1986) ?',Weyland-Yutani,'["Tyrell Corporation", "Cyberdyne Systems", "OCP Omni Comsumer Products"]'
29,'Comment s’appelle la colonie humaine installée sur la planète dans le film Aliens (1986)',Hadley’s Hope,'["New Eden", "Acheron Base", "Gateway Station"]'
30,'Dans Aliens (1986), quel est le nom du synthétique qui accompagne les Marines coloniaux ?',Bishop,'["David", "Ash", "Man-U"]'
31,À quel peuple appartient Willow Ufgood ?,Les Nelwyn,'["Les Ewoks", "Les Hobbits", "Les Dryads"]'
32,Quel mercenaire guerrier accompagne Willow dans sa quête et devient un allié majeur ?,Madmartigan,'["Mickael Kael", "Airk Thaughbaer", "Franjean"]'
33,Quel est le nom du bébé au cœur de la prophétie que Willow doit protéger ?,Elora Danan,'["Aurora", "Lyssa", "Tir Asleen"]'
34,Quel est le nom de la reine maléfique ?,Bavmorda,'["Sorsha", "Cherlindrea", "Fin Raziel"]'
35,En quoi la troupe de guerriers venue défier la reine est elle métamorphosée ?,En porcs,'["En trolls", "En statues de pierre", "En chèvres"]'
36,Quel sortilège magique est administré par erreur sur Madmartigan ?,Philtre des cœurs brisés,'["Élixir lunaire", "Essence de Daïkini", "Malédiction d’amour"]'
37,Comment les autres peuples appellent-ils les humains ?,Daïkinis,'["Elders", "Hommes", "Valorians"]'
38,Comment s’appelle la grande magicienne transformée en corneille ?,Fin Raziel,'["Bavmorda", "Sorsha", "Cherlindrea"]'
39,Comment s’appelle la fée envoyée pour annoncer la prophétie concernant l’enfant élue ?,Cherlindrea,'["Fin Raziel", "Ethna", "Bavmorda"]'
40,Comment s’appelle la fille de la reine ?,Sorsha,'["Elora Danan", "Cherlindrea", "Undomiel"]'
41,En quoi Willow transforme-t-il un troll lors de la bataille à Tir Asleen ?,En hydre géante à deux têtes,'["En cochon", "En statue de pierre", "En loup géant"]'
42,Quel objet magique Willow utilise-t-il en plus de sa baguette pour ses premiers actes de sorcellerie ?,Des glands magiques,'["Des runes de pierre", "Une plume enchantée", "Des os de poulets"]'
43,Quel est le nom du sorcier Nelwyn qui cherche un apprenti",Grand Aldwin,'["Meegosh", "Burglekutt", "Gandalf"]'
44,'Comment s’appelle le préfet du village, opposé à Willow ?',Burglekutt,'["Meegosh", "Kael", "Grand Aldwin"]'
45,Comment s’appelle le meilleur ami de Willow dans le village Nelwyn ?,Meegosh,'["Madmartigan", "Raoul", "Franjean"]'
46,Quel est le nom péjoratif que donne les hommes aux Nelwyn ?,Pec,'["Plouc", "Nerd", "Nabot"]'
47,Quelle est l'oeuvre entendue au début de 2001 l'Odyssée de l’Espace ?,Ainsi parlait Zarathoustra de Richard Strauss,'["Requiem d’Amadeus Mozart", "La marche nuptiale de Richard Wagner", "Le lac des Cygnes de Piotr Ilitch Tchaïkovski"]'
48,Quelle est l'oeuvre entendue lors de l'attaque des hélicoptères dans Apocalyspse Now,"La chevauchée des Walkyries de Richard Wagner",'["Carmina Burana de Carl Orff", "Orphée aux Enfers de Jacques Offenbach", "La Sarabande de Georg Friedrich Haendel"]'
49,Orange Mécanique,Ode à la joie de Ludwig van Beethoven,'["Symphonie du Nouveau Monde d’Antonin Dvořák", "La flûte enchantée d’Amadeus Mozart", "La traviata de Giuseppe Verdi"]'
50,Rosemary''s baby,Lettre à Élise de Ludwig van Beethoven,'["Le Carnaval des animaux de Camille Saint-Saëns", "Les 4 saisons d’Antonio Vivaldi", "Sonate n° 11 d’Amadeus Mozart"]'
51,Steven Spielberg épouse ...,'Kate Capshaw, Indiana Jones et le temple maudit','["Karen Allen, les aventuriers de l’arche perdue", "Miranda Richardson, Empire du soleil", "Miranda Richardson, Rencontres du troisième type"]'
52,Joel Coen épouse ... qui participera à plusieurs de ses films,'Frances McDormand, Sang pour sang','["Holly Hunter, Arizona junior", "Marcia Gay Harden, Miller''s Crossing", "Judy Davis, Barton Fink"]'
53,Taylor Hackford épouse ...,'Hellen Miren, Soleil de nuit','["Rachel Ward, Contre toute attente", "Debra Winger, Officier et Gentleman", "Jessica Lange, Everybody''s All-American"]'
54,Sylvester Stallone épouse ...,'Brigitte Nielsen, Rocky IV','["Susan Blakely, Over the top", "Talia Shire, Rocky", "Anne Archer, La taverne de l’enfer"]'
55,Marie-Anne Chazel épouse un de ses partenaires de la troupe du Splendid,'Christian Clavier','["Thierry Lhermitte", "Bruno Moynot", "Gérard Jugnot"]'
56,'Dans Le Seigneur des Anneaux, comment s’appelle la capitale du Gondor, célèbre pour ses sept niveaux de murailles concentriques ?',Minas Tirith,'["Edoras", "Beleriand", "Taluth"]'
57,'Dans les aventuriers de l’arche perdue, quelle est la cité antique enfouie sous le désert égyptien ?',Tanis,'["Memphis", "Pétra", "Thèbes"]'
58,'Dans Willow (1988), comment s’appelle la forteresse légendaire censée avoir autrefois abrité une grande armée ?',Tir Asleen,'["Galladoorn", "Aldwyn Keep", "Nockmaar"]'
59,'Dans Alita Battle Angel, comment s’appelle la cité flottante dans le ciel',Zalem,'["Laputa", "Coruscant", "Zion"]'
60,'Dans les chroniques de Narnia, comment s’appelle le château royal situé au bord de la mer ?',Cair Paravel,'["Fort de Beruna", "Beaversdam", "Kern Deaglán"]'
