calendrier_id,jour
5,2024-01-09
5,2024-01-16
5,2024-01-23
5,2024-01-30
5,2024-02-06
5,2024-02-13
5,2024-02-20
5,2024-02-27
5,2024-03-05
5,2024-03-12
5,2024-03-19
5,2024-03-26
5,2024-04-02
5,2024-04-09
5,2024-04-16
5,2024-04-23
5,2024-04-30
5,2024-05-07
5,2024-05-14
5,2024-05-21
5,2024-05-28
5,2024-06-04
5,2024-06-11
5,2024-06-18
5,2024-06-25
5,2024-07-02
5,2024-07-09
5,2024-07-16
5,2024-07-23
5,2024-07-30
5,2024-08-06
5,2024-08-13
5,2024-08-20
5,2024-08-27
5,2024-09-03
5,2024-09-10
5,2024-09-17
5,2024-09-24
5,2024-10-01
5,2024-10-08
5,2024-10-15
5,2024-10-22
5,2024-10-29
5,2024-11-05
5,2024-11-12
5,2024-11-19
5,2024-11-26
5,2024-12-03
5,2024-12-10
5,2024-12-17
6,2024-01-10
6,2024-01-17
6,2024-01-24
6,2024-01-31
6,2024-02-07
6,2024-02-14
6,2024-02-21
6,2024-02-28
6,2024-03-06
6,2024-03-13
6,2024-03-20
6,2024-03-27
6,2024-04-03
6,2024-04-10
6,2024-04-17
6,2024-04-24
6,2024-04-30
6,2024-05-07
6,2024-05-15
6,2024-05-22
6,2024-05-29
6,2024-06-05
6,2024-06-12
6,2024-06-19
6,2024-06-26
6,2024-07-03
6,2024-07-10
6,2024-07-17
6,2024-07-24
6,2024-07-31
6,2024-08-07
6,2024-08-14
6,2024-08-21
6,2024-08-28
6,2024-09-04
6,2024-09-11
6,2024-09-18
6,2024-09-25
6,2024-10-02
6,2024-10-09
6,2024-10-16
6,2024-10-23
6,2024-10-30
6,2024-11-06
6,2024-11-13
6,2024-11-20
6,2024-11-27
6,2024-12-04
6,2024-12-11
6,2024-12-18
7,2024-01-11
7,2024-01-18
7,2024-01-25
7,2024-02-01
7,2024-02-08
7,2024-02-15
7,2024-02-22
7,2024-02-29
7,2024-03-07
7,2024-03-14
7,2024-03-21
7,2024-03-28
7,2024-04-04
7,2024-04-11
7,2024-04-18
7,2024-04-25
7,2024-05-02
7,2024-05-09
7,2024-05-16
7,2024-05-23
7,2024-05-30
7,2024-06-06
7,2024-06-13
7,2024-06-20
7,2024-06-27
7,2024-07-04
7,2024-07-11
7,2024-07-18
7,2024-07-25
7,2024-08-01
7,2024-08-08
7,2024-08-16
7,2024-08-22
7,2024-08-29
7,2024-09-05
7,2024-09-12
7,2024-09-19
7,2024-09-26
7,2024-10-03
7,2024-10-10
7,2024-10-17
7,2024-10-24
7,2024-10-31
7,2024-11-07
7,2024-11-14
7,2024-11-21
7,2024-11-28
7,2024-12-05
7,2024-12-12
7,2024-12-19
8,2024-01-12
8,2024-01-19
8,2024-01-26
8,2024-02-02
8,2024-02-09
8,2024-02-16
8,2024-02-23
8,2024-03-01
8,2024-03-08
8,2024-03-15
8,2024-03-22
8,2024-03-29
8,2024-04-05
8,2024-04-12
8,2024-04-19
8,2024-04-26
8,2024-05-03
8,2024-05-10
8,2024-05-17
8,2024-05-24
8,2024-05-31
8,2024-06-07
8,2024-06-14
8,2024-06-21
8,2024-06-28
8,2024-07-05
8,2024-07-12
8,2024-07-19
8,2024-07-26
8,2024-08-02
8,2024-08-09
8,2024-08-16
8,2024-08-23
8,2024-08-30
8,2024-09-06
8,2024-09-13
8,2024-09-20
8,2024-09-27
8,2024-10-04
8,2024-10-11
8,2024-10-18
8,2024-10-25
8,2024-10-31
8,2024-11-08
8,2024-11-15
8,2024-11-22
8,2024-11-29
8,2024-12-06
8,2024-12-13
8,2024-12-20
